Date,Open,High,Low,Close,Volume
2019-01-01,3746.71,3850.91,3707.23,3843.52,4324200990
2019-01-02,3849.22,3947.98,3817.41,3943.41,5244856836
2019-01-03,3931.05,3935.69,3826.22,3836.74,4530215219
2019-01-04,3832.04,3865.93,3783.85,3857.72,4847965467
2019-01-05,3851.97,3904.9,3836.9,3845.19,5137609824
2019-01-06,3836.52,4093.3,3826.51,4076.63,5597027440
2019-01-07,4078.58,4092.61,4020.89,4025.25,5228625637
2019-01-08,4028.47,4109.02,3996.96,4030.85,5306593305
2019-01-09,4031.55,4068.4,4022.66,4035.3,5115905225
2019-01-10,4034.41,4064.07,3659.17,3678.92,6874143796
2019-01-11,3674.02,3713.88,3653.07,3687.37,5538712865
2019-01-12,3686.97,3698.98,3653.81,3661.3,4778170883
2019-01-13,3658.87,3674.76,3544.93,3552.95,4681302466
2019-01-14,3557.31,3727.84,3552.29,3706.05,5651384490
2019-01-15,3704.22,3720.15,3619.95,3630.68,5537192302
2019-01-16,3631.51,3685.78,3624.67,3655.01,5394457145
2019-01-17,3651.87,3680.14,3621.96,3678.56,5464420383
2019-01-18,3677.99,3682.52,3637.08,3657.84,5002961727
2019-01-19,3652.38,3758.53,3652.38,3728.57,5955691380
2019-01-20,3725.45,3743.39,3583.02,3601.01,5582489560
2019-01-21,3600.37,3608.84,3558.54,3576.03,5004347059
2019-01-22,3575.08,3620.75,3539.72,3604.58,5313623556
2019-01-23,3605.56,3623.07,3565.31,3585.12,5433755649
2019-01-24,3584.5,3616.09,3569.09,3600.87,5262869046
2019-01-25,3607.39,3612.93,3575.6,3599.77,5265847539
2019-01-26,3599.72,3654.93,3593.35,3602.46,5098183235
2019-01-27,3604.69,3612.67,3567.25,3583.97,5570752966
2019-01-28,3584.28,3586.75,3439.23,3470.45,6908930483
2019-01-29,3468.87,3476.07,3400.82,3448.12,5897159493
2019-01-30,3443.9,3495.17,3429.39,3486.18,5955112627
2019-01-31,3485.41,3504.8,3447.92,3457.79,5831198271
2019-02-01,3460.55,3501.95,3431.59,3487.95,5422926707
2019-02-02,3484.63,3523.29,3467.57,3521.06,5071623601
2019-02-03,3516.14,3521.39,3447.92,3464.01,5043937584
2019-02-04,3467.21,3476.22,3442.59,3459.15,5332718886
2019-02-05,3454.95,3478.15,3451.94,3466.36,5227549545
2019-02-06,3469.09,3469.09,3398.57,3413.77,5482196038
2019-02-07,3414.93,3427.95,3394.22,3399.47,5004962683
2019-02-08,3401.38,3695.61,3391.02,3666.78,7735623101
2019-02-09,3671.59,3679.94,3646.56,3671.2,6158833645
2019-02-10,3673.2,3695.04,3640.98,3690.19,6282256903
2019-02-11,3695.61,3695.61,3642.29,3648.43,6277056434
2019-02-12,3642.75,3668.59,3618.56,3653.53,6480384532
2019-02-13,3653.6,3669.75,3617.25,3632.07,6438903823
2019-02-14,3631.17,3646.26,3607.7,3616.88,6271044418
2019-02-15,3617.37,3647.8,3608.21,3620.81,6091952231
2019-02-16,3615.27,3652.84,3615.27,3629.79,5934744052
2019-02-17,3633.36,3680.54,3619.18,3673.84,7039512503
2019-02-18,3671.37,3936.67,3669.98,3915.71,9908216640
2019-02-19,3911.66,4010.88,3908.15,3947.09,9933626655
2019-02-20,3946.69,4000.49,3926.25,3999.82,8693373948
2019-02-21,4000.26,4010.01,3940.11,3954.12,7775128102
2019-02-22,3952.41,4006.54,3950.82,4005.53,7826525254
2019-02-23,3998.92,4166.29,3968.73,4142.53,8922258316
2019-02-24,4145.46,4210.64,3793.71,3810.43,10794227451
2019-02-25,3807.0,3913.71,3807.0,3882.7,9318796067
2019-02-26,3878.7,3891.58,3837.99,3854.36,7931218996
2019-02-27,3857.48,3888.8,3787.06,3851.05,8301309684
2019-02-28,3848.26,3906.06,3845.82,3854.79,8399767798
2019-03-01,3853.76,3907.8,3851.69,3859.58,7661247975
2019-03-02,3855.32,3874.61,3832.13,3864.42,7578786076
2019-03-03,3862.27,3875.48,3836.91,3847.18,7253558152
2019-03-04,3845.09,3867.38,3733.75,3761.56,9029175788
2019-03-05,3759.83,3903.92,3745.18,3896.38,10174126415
2019-03-06,3897.08,3919.51,3871.46,3903.94,9175291529
2019-03-07,3903.38,3939.37,3894.11,3911.48,9584165519
2019-03-08,3913.23,3950.43,3875.23,3901.13,10638638944
2019-03-09,3894.55,3987.24,3892.39,3963.31,10796103518
2019-03-10,3966.17,3966.17,3924.38,3951.6,9713267607
2019-03-11,3953.74,3966.38,3889.24,3905.23,10125901903
2019-03-12,3903.76,3926.89,3863.56,3909.16,9809887079
2019-03-13,3913.05,3926.6,3891.9,3906.72,9469184841
2019-03-14,3905.58,3946.5,3901.3,3924.37,10480789570
2019-03-15,3926.66,3968.54,3914.02,3960.91,9394210605
2019-03-16,3963.9,4077.04,3961.66,4048.73,9856166973
2019-03-17,4047.72,4054.12,4006.41,4025.23,8221625400
2019-03-18,4029.97,4071.56,4009.12,4032.51,9646954186
2019-03-19,4032.69,4082.22,4023.81,4071.19,9344919956
2019-03-20,4070.79,4089.46,4031.11,4087.48,10175916388
2019-03-21,4083.95,4097.36,4005.15,4029.33,10831212662
2019-03-22,4028.51,4053.91,4021.54,4023.97,9252935969
2019-03-23,4022.71,4049.88,4015.96,4035.83,9578850549
2019-03-24,4035.16,4040.7,4006.19,4022.17,9144851065
2019-03-25,4024.11,4038.84,3934.03,3963.07,10359818883
2019-03-26,3969.23,3985.08,3944.75,3985.08,10707678815
2019-03-27,3984.24,4087.07,3977.81,4087.07,10897131934
2019-03-28,4087.58,4094.9,4040.27,4069.11,9353915899
2019-03-29,4068.3,4113.5,4034.1,4098.37,10918665557
2019-03-30,4092.14,4296.81,4053.91,4106.66,9732688060
2019-03-31,4105.46,4113.02,4094.1,4105.4,9045122443
2019-04-01,4105.36,4164.95,4096.9,4158.18,10157794171
2019-04-02,4156.92,4905.95,4155.32,4879.88,21315047816
2019-04-03,4879.96,5307.0,4876.62,4973.02,22899891582
2019-04-04,4971.31,5063.16,4836.79,4922.8,18251810240
2019-04-05,4922.81,5053.51,4919.49,5036.68,16837325387
2019-04-06,5036.79,5205.82,4992.22,5059.82,16929795194
2019-04-07,5062.79,5235.19,5050.41,5198.9,16655416140
2019-04-08,5199.84,5318.84,5148.21,5289.77,17154113634
2019-04-09,5289.92,5289.92,5167.42,5204.96,14722104361
2019-04-10,5204.11,5421.65,5193.38,5324.55,15504590933
2019-04-11,5325.08,5354.23,5017.3,5064.49,16555616019
2019-04-12,5061.2,5103.27,4955.85,5089.54,13675206312
2019-04-13,5088.85,5127.12,5061.59,5096.59,10823289598
2019-04-14,5095.76,5184.02,5053.57,5167.72,10391952498
2019-04-15,5167.32,5196.61,5024.07,5067.11,12290155061
2019-04-16,5066.58,5238.95,5055.19,5235.56,11618660197
2019-04-17,5236.14,5274.28,5219.21,5251.94,12438480677
2019-04-18,5251.48,5319.99,5250.51,5298.39,13256489918
2019-04-19,5298.15,5336.68,5233.33,5303.81,13780238655
2019-04-20,5304.16,5358.49,5295.88,5337.89,13169647522
2019-04-21,5335.88,5359.92,5257.34,5314.53,13731844223
2019-04-22,5312.49,5422.69,5280.28,5399.37,14601631648
2019-04-23,5399.37,5633.8,5389.41,5572.36,15867308108
2019-04-24,5571.51,5642.04,5418.26,5464.87,17048033399
2019-04-25,5466.52,5542.24,5181.34,5210.52,15330283408
2019-04-26,5210.3,5383.63,5177.37,5279.35,16812108040
2019-04-27,5279.47,5310.75,5233.64,5268.29,13111274675
2019-04-28,5271.75,5326.23,5255.68,5285.14,12819992056
2019-04-29,5284.86,5311.27,5216.49,5247.35,13735490672
2019-04-30,5247.73,5363.26,5224.19,5350.73,13878964574
2019-05-01,5350.91,5418.0,5347.65,5402.7,13679528236
2019-05-02,5402.42,5522.26,5394.22,5505.28,14644460907
2019-05-03,5505.55,5865.88,5490.2,5768.29,18720780006
2019-05-04,5769.2,5886.89,5645.47,5831.17,17567780766
2019-05-05,5831.07,5833.86,5708.04,5795.71,14808830723
2019-05-06,5791.69,5802.96,5653.69,5746.81,15737171804
2019-05-07,5745.6,5988.18,5741.4,5829.5,18026409033
2019-05-08,5849.48,5989.98,5794.72,5982.46,15320605300
2019-05-09,5982.32,6183.04,5982.32,6174.53,16784645411
2019-05-10,6175.82,6434.62,6161.52,6378.85,19419875368
2019-05-11,6379.67,7333.0,6375.7,7204.77,28867562329
2019-05-12,7203.51,7503.87,6815.77,6972.37,27773333680
2019-05-13,6971.18,8047.41,6898.28,7814.92,28677672181
2019-05-14,7807.88,8268.71,7696.39,7994.42,32031452227
2019-05-15,7989.37,8216.42,7899.11,8205.17,28344112920
2019-05-16,8194.5,8320.82,7729.61,7884.91,33167197581
2019-05-17,7886.93,7929.15,7038.12,7343.9,30066644905
2019-05-18,7341.66,7447.27,7251.5,7271.21,21354286562
2019-05-19,7267.96,8261.94,7267.96,8197.69,25902422040
2019-05-20,8196.92,8200.97,7678.78,7978.31,23843404340
2019-05-21,7977.97,8062.17,7843.34,7963.33,25127245056
2019-05-22,7956.29,7997.61,7615.99,7680.07,24719473175
2019-05-23,7677.27,7943.79,7533.2,7881.85,24457107820
2019-05-24,7881.7,8140.72,7824.45,7987.37,25919126991
2019-05-25,7991.89,8117.93,7965.98,8052.54,22256813107
2019-05-26,8055.21,8687.52,7924.67,8673.22,26677970091
2019-05-27,8674.07,8907.17,8668.71,8805.78,27949839564
2019-05-28,8802.76,8807.02,8634.72,8719.96,24226919267
2019-05-29,8718.59,8755.85,8482.73,8659.49,23473479966
2019-05-30,8661.76,9008.31,8221.27,8319.47,29246528551
2019-05-31,8320.29,8586.66,8172.55,8574.5,25365190957
2019-06-01,8573.84,8625.6,8481.58,8564.02,22488303544
2019-06-02,8565.47,8809.3,8561.24,8742.96,20266216022
2019-06-03,8741.75,8743.5,8204.19,8209.0,22004511436
2019-06-04,8210.99,8210.99,7564.49,7707.77,24609731549
2019-06-05,7704.34,7901.85,7668.67,7824.23,21760923463
2019-06-06,7819.63,7937.34,7571.47,7822.02,19474611077
2019-06-07,7826.9,8126.15,7788.37,8043.95,19141423231
2019-06-08,8036.77,8076.89,7837.61,7954.13,16522722810
2019-06-09,7949.67,7975.97,7583.22,7688.08,16610726547
2019-06-10,7692.28,8031.91,7586.73,8000.33,18689275117
2019-06-11,8004.24,8026.39,7772.8,7927.71,17107279932
2019-06-12,7925.43,8196.65,7862.36,8145.86,19034432883
2019-06-13,8145.55,8311.57,8087.06,8230.92,18669407147
2019-06-14,8230.9,8710.64,8183.39,8693.83,19831162906
2019-06-15,8689.75,8859.13,8618.4,8838.38,18371033226
2019-06-16,8841.44,9335.87,8814.56,8994.49,23348550311
2019-06-17,8988.92,9416.41,8988.92,9320.35,15562951919
2019-06-18,9335.47,9348.37,9004.9,9081.76,15848210536
2019-06-19,9078.73,9299.62,9070.4,9273.52,15546809946
2019-06-20,9273.06,9594.42,9232.48,9527.16,17846823784
2019-06-21,9525.07,10144.56,9525.07,10144.56,20624008643
2019-06-22,10175.92,11157.35,10107.04,10701.69,29995204861
2019-06-23,10696.69,11246.14,10556.1,10855.37,20998326502
2019-06-24,10853.74,11065.9,10610.43,11011.1,19271652365
2019-06-25,11007.2,11790.92,11007.2,11790.92,24879684533
2019-06-26,11778.58,13796.49,11755.6,13016.23,45105733173
2019-06-27,13017.12,13311.14,10491.85,11182.81,39977475223
2019-06-28,11162.17,12445.17,10914.5,12407.33,35087757766
2019-06-29,12400.76,12400.91,11508.38,11959.37,29923961128
2019-06-30,11931.99,12178.38,10799.01,10817.16,27256473494
2019-07-01,10796.93,11206.44,10089.31,10583.13,29378589324
2019-07-02,10588.68,10912.19,9737.88,10801.68,31015895223
2019-07-03,10818.16,11968.08,10818.16,11961.27,30796494294
2019-07-04,11972.72,12006.08,11166.57,11215.44,25920294033
2019-07-05,11203.1,11395.66,10874.96,10978.46,23838480210
2019-07-06,10982.54,11620.96,10982.54,11208.55,21092024306
2019-07-07,11217.62,11541.62,11148.8,11450.85,19369044277
2019-07-08,11446.6,12345.83,11393.37,12285.96,23482551458
2019-07-09,12284.33,12779.13,12233.26,12573.81,28167921523
2019-07-10,12571.54,13129.53,11710.98,12156.51,33627574244
2019-07-11,12139.71,12144.62,11158.92,11358.66,28595327690
2019-07-12,11354.3,11905.49,11179.14,11815.99,23534692797
2019-07-13,11813.13,11841.96,10908.48,11392.38,21042616384
2019-07-14,11381.02,11451.2,10234.58,10256.06,22486000001
2019-07-15,10257.84,11052.77,9992.01,10895.09,25384047207
2019-07-16,10896.65,10996.63,9448.11,9477.64,24151199070
2019-07-17,9471.21,9963.13,9163.13,9693.8,24569921549
2019-07-18,9698.5,10736.84,9376.8,10666.48,25187024648
2019-07-19,10653.96,10716.98,10229.63,10530.73,20727426310
2019-07-20,10525.82,11048.66,10451.28,10767.14,20206615155
2019-07-21,10777.53,10841.89,10389.6,10599.11,17130580467
2019-07-22,10596.95,10651.79,10154.92,10343.11,16334414913
2019-07-23,10346.75,10346.75,9883.59,9900.77,17851916995
2019-07-24,9887.73,9908.8,9614.31,9811.93,17398734322
2019-07-25,9809.1,10154.25,9773.96,9911.84,15821952090
2019-07-26,9913.13,9916.52,9717.98,9870.3,14495714483
2019-07-27,9871.17,10167.32,9411.52,9477.68,16817809536
2019-07-28,9491.63,9575.54,9252.3,9552.86,13738687093
2019-07-29,9548.18,9681.65,9472.95,9519.15,13791445323
2019-07-30,9522.33,9701.76,9437.34,9607.42,13829811132
2019-07-31,9604.05,10085.63,9598.1,10085.63,16631520648
2019-08-01,10077.44,10446.92,9922.02,10399.67,17165337858
2019-08-02,10402.04,10657.95,10371.01,10518.17,17489094082
2019-08-03,10519.28,10946.78,10503.5,10821.73,15352685061
2019-08-04,10821.63,11009.21,10620.28,10970.18,16530894787
2019-08-05,10960.74,11895.09,10960.74,11805.65,23875988832
2019-08-06,11811.54,12273.82,11290.73,11478.17,23635107660
2019-08-07,11476.19,12036.99,11433.7,11941.97,22194988641
2019-08-08,11954.04,11979.42,11556.17,11966.41,19481591730
2019-08-09,11953.47,11970.46,11709.75,11862.94,18339989960
2019-08-10,11861.56,11915.66,11323.9,11354.02,18125355447
2019-08-11,11349.74,11523.58,11248.29,11523.58,15774371518
2019-08-12,11528.19,11528.19,11320.95,11382.62,13647198229
2019-08-13,11385.05,11420.05,10830.33,10895.83,16681503537
2019-08-14,10889.49,10889.56,10028.14,10051.7,19990838300
2019-08-15,10038.42,10437.41,9675.32,10311.55,22899115082
2019-08-16,10319.42,10524.35,9855.48,10374.34,20228207096
2019-08-17,10358.72,10452.62,10086.7,10231.74,13778035685
2019-08-18,10233.01,10487.07,10119.09,10345.81,12999813869
2019-08-19,10350.28,10916.05,10313.2,10916.05,16038264603
2019-08-20,10916.35,10947.04,10618.96,10763.23,15053082175
2019-08-21,10764.57,10798.73,9962.72,10138.05,19473084768
2019-08-22,10142.52,10233.0,9831.46,10131.06,17097508856
2019-08-23,10136.31,10442.44,10078.19,10407.96,15627023886
2019-08-24,10407.64,10418.02,9982.3,10159.96,15451030650
2019-08-25,10160.74,10304.62,10008.79,10138.52,14153856610
2019-08-26,10126.3,10512.33,10126.3,10370.82,18438654080
2019-08-27,10372.83,10381.33,10087.3,10185.5,14762609503
2019-08-28,10203.43,10279.37,9716.66,9754.42,17603790323
2019-08-29,9756.79,9756.79,9421.63,9510.2,17045878501
2019-08-30,9514.84,9656.12,9428.3,9598.17,13595263986
2019-08-31,9597.54,9673.22,9531.8,9630.66,11454806419
2019-09-01,9630.59,9796.76,9582.94,9757.97,11445355859
2019-09-02,9757.47,10396.59,9730.65,10346.76,17248102294
2019-09-03,10345.73,10736.1,10308.55,10623.54,19384917989
2019-09-04,10621.18,10762.64,10434.71,10594.49,16742664769
2019-09-05,10588.18,10627.27,10516.42,10575.53,14551239508
2019-09-06,10578.2,10898.76,10292.3,10353.3,19536574783
2019-09-07,10353.93,10558.67,10348.92,10517.25,15307366476
2019-09-08,10518.11,10595.64,10409.09,10441.28,13670567493
2019-09-09,10443.23,10450.31,10144.93,10334.97,17595943368
2019-09-10,10336.41,10394.35,10020.57,10115.98,14906809639
2019-09-11,10123.04,10215.95,9980.78,10178.37,15428063426
2019-09-12,10176.82,10442.25,10099.24,10410.13,15323563925
2019-09-13,10415.36,10441.49,10226.6,10360.55,14109864675
2019-09-14,10345.4,10422.13,10291.69,10358.05,13468713124
2019-09-15,10356.47,10387.04,10313.09,10347.71,12043433567
2019-09-16,10347.22,10386.87,10189.74,10276.79,15160167779
2019-09-17,10281.51,10296.77,10199.74,10241.27,15304603363
2019-09-18,10247.8,10275.93,10191.47,10198.25,16169268880
2019-09-19,10200.5,10295.67,9851.69,10266.42,19937691247
2019-09-20,10266.32,10285.87,10132.19,10181.64,14734189639
2019-09-21,10183.65,10188.1,10000.71,10019.72,13425266806
2019-09-22,10024.12,10074.44,9922.53,10070.39,13199651698
2019-09-23,10067.96,10074.24,9727.14,9729.32,15144925408
2019-09-24,9729.32,9804.32,8370.8,8620.57,25002886689
2019-09-25,8603.43,8744.83,8325.4,8486.99,21744728353
2019-09-26,8487.67,8515.69,7895.63,8118.97,19258205289
2019-09-27,8113.1,8271.52,7965.92,8251.85,16408941156
2019-09-28,8251.27,8285.62,8125.43,8245.92,14141152736
2019-09-29,8246.04,8261.71,7990.5,8104.19,13034629109
2019-09-30,8104.23,8314.23,7830.76,8293.87,17115474183
2019-10-01,8299.72,8497.69,8232.68,8343.28,15305343413
2019-10-02,8344.21,8393.04,8227.7,8393.04,13125712443
2019-10-03,8390.77,8414.23,8146.44,8259.99,13668823409
2019-10-04,8259.49,8260.06,8151.24,8205.94,13139456229
2019-10-05,8210.15,8215.53,8071.12,8151.5,12200497197
2019-10-06,8149.88,8161.41,7958.85,7988.16,13160830305
2019-10-07,7989.12,8308.45,7905.77,8245.62,18009742607
2019-10-08,8246.85,8332.71,8185.76,8228.78,15592264032
2019-10-09,8229.84,8627.71,8169.3,8595.74,19384942333
2019-10-10,8585.28,8625.27,8471.93,8586.47,17618660671
2019-10-11,8585.26,8721.78,8316.18,8321.76,19604381101
2019-10-12,8315.67,8415.24,8313.34,8336.56,14532641605
2019-10-13,8336.9,8470.99,8276.61,8321.01,13808286059
2019-10-14,8320.83,8390.21,8284.13,8374.69,15151387859
2019-10-15,8373.46,8410.71,8182.71,8205.37,15220412632
2019-10-16,8204.67,8216.81,7985.09,8047.53,16071646996
2019-10-17,8047.81,8134.83,8000.94,8103.91,14313052244
2019-10-18,8100.93,8138.41,7902.16,7973.21,15651592610
2019-10-19,7973.8,8082.63,7944.78,7988.56,13797825640
2019-10-20,7997.81,8281.82,7949.44,8222.08,15504249442
2019-10-21,8225.12,8296.69,8196.42,8243.72,15868748866
2019-10-22,8243.4,8296.65,8074.46,8078.2,16803377857
2019-10-23,8076.23,8093.0,7469.32,7514.67,21942878958
2019-10-24,7509.73,7532.87,7446.99,7493.49,16268708849
2019-10-25,7490.7,8691.54,7479.98,8660.7,28705065488
2019-10-26,8667.58,10021.74,8662.62,9244.97,44496255609
2019-10-27,9241.71,9749.53,9112.54,9551.71,32593129501
2019-10-28,9565.1,9805.12,9256.15,9256.15,30948255332
2019-10-29,9248.44,9516.18,9232.65,9427.69,28426779937
2019-10-30,9422.46,9426.87,9085.37,9205.73,27706531577
2019-10-31,9202.46,9383.16,9028.72,9199.58,26583653947
2019-11-01,9193.99,9275.66,9132.05,9261.1,24324691031
2019-11-02,9259.78,9377.49,9249.59,9324.72,21242676385
2019-11-03,9324.79,9379.81,9141.25,9235.35,21132220847
2019-11-04,9235.61,9505.05,9191.49,9412.61,26170255634
2019-11-05,9413.0,9457.42,9256.93,9342.53,26198609048
2019-11-06,9340.86,9423.24,9305.91,9360.88,23133895765
2019-11-07,9352.39,9368.48,9202.35,9267.56,22700383839
2019-11-08,9265.37,9272.76,8775.53,8804.88,24333037836
2019-11-09,8809.47,8891.82,8793.16,8813.58,17578630606
2019-11-10,8812.49,9103.83,8806.16,9055.53,20587919881
2019-11-11,9056.92,9081.28,8700.61,8757.79,20265510765
2019-11-12,8759.75,8853.77,8685.43,8815.66,20309769107
2019-11-13,8812.03,8836.84,8761.65,8808.26,17545755405
2019-11-14,8811.94,8826.94,8692.55,8708.09,19084739975
2019-11-15,8705.71,8730.87,8484.84,8491.99,21796856471
2019-11-16,8491.17,8592.0,8473.97,8550.76,16495389808
2019-11-17,8549.47,8727.79,8500.97,8577.98,18668638897
2019-11-18,8573.98,8653.28,8273.57,8309.29,21579470673
2019-11-19,8305.13,8408.52,8099.96,8206.15,21083613816
2019-11-20,8203.61,8237.24,8010.51,8027.27,20764300437
2019-11-21,8023.64,8110.1,7597.38,7642.75,22514243371
2019-11-22,7643.57,7697.38,6936.71,7296.58,34242315785
2019-11-23,7296.16,7442.26,7151.42,7397.8,21008924418
2019-11-24,7398.63,7408.58,7029.29,7047.92,30433517289
2019-11-25,7039.98,7319.86,6617.17,7146.13,42685231262
2019-11-26,7145.16,7320.23,7098.57,7218.37,21129505542
2019-11-27,7220.88,7619.69,6974.17,7531.66,23991412764
2019-11-28,7536.82,7730.07,7454.12,7463.11,19050116751
2019-11-29,7466.73,7781.18,7460.76,7761.24,19709695456
2019-11-30,7764.06,7836.1,7515.85,7569.63,17158194786
2019-12-01,7571.62,7571.62,7291.34,7424.29,18720708479
2019-12-02,7424.04,7474.82,7233.4,7321.99,17082040706
2019-12-03,7323.98,7418.86,7229.36,7320.15,14797485769
2019-12-04,7320.12,7539.78,7170.92,7252.03,21664240918
2019-12-05,7253.24,7743.43,7232.68,7448.31,18816085231
2019-12-06,7450.56,7547.0,7392.18,7547.0,18104466307
2019-12-07,7547.27,7589.95,7525.71,7556.24,15453520564
2019-12-08,7551.34,7634.61,7476.09,7564.35,15409908086
2019-12-09,7561.8,7618.09,7365.99,7400.9,17872021272
2019-12-10,7397.13,7424.02,7246.04,7278.12,18249031195
2019-12-11,7277.2,7324.16,7195.53,7217.43,16350490689
2019-12-12,7216.74,7266.64,7164.74,7243.13,18927080224
2019-12-13,7244.66,7293.56,7227.12,7269.68,17125736940
2019-12-14,7268.9,7308.84,7097.21,7124.67,17137029730
2019-12-15,7124.24,7181.08,6924.38,7152.3,16881129804
2019-12-16,7153.66,7171.17,6903.68,6932.48,20213265950
2019-12-17,6931.32,6964.08,6587.97,6640.52,22363804217
2019-12-18,6647.7,7324.98,6540.05,7276.8,31836522778
2019-12-19,7277.59,7346.6,7041.38,7202.84,25904604416
2019-12-20,7208.64,7257.92,7086.12,7218.82,22633815180
2019-12-21,7220.59,7223.23,7112.74,7191.16,19312552168
2019-12-22,7191.19,7518.03,7167.18,7511.59,23134537956
2019-12-23,7508.9,7656.18,7326.19,7355.63,27831788041
2019-12-24,7354.39,7535.72,7269.53,7322.53,22991622105
2019-12-25,7325.76,7357.02,7220.99,7275.16,21559505149
2019-12-26,7274.8,7388.3,7200.39,7238.97,22787010034
2019-12-27,7238.14,7363.53,7189.93,7290.09,22777360996
2019-12-28,7289.03,7399.04,7286.91,7317.99,21365673026
2019-12-29,7317.65,7513.95,7279.87,7422.65,22445257702
2019-12-30,7420.27,7454.82,7276.31,7293.0,22874131672
2019-12-31,7294.44,7335.29,7169.78,7193.6,21167946112
2020-01-01,7194.89,7254.33,7174.94,7200.17,18565664997
2020-01-02,7202.55,7212.16,6935.27,6985.47,20802083465
2020-01-03,6984.43,7413.72,6915.0,7344.88,28111481032
2020-01-04,7345.38,7427.39,7309.51,7410.66,18444271275
2020-01-05,7410.45,7544.5,7400.54,7411.32,19725074095
2020-01-06,7410.45,7781.87,7409.29,7769.22,23276261598
2020-01-07,7768.68,8178.22,7768.23,8163.69,28767291327
2020-01-08,8161.94,8396.74,7956.77,8079.86,31672559265
2020-01-09,8082.3,8082.3,7842.4,7879.07,24045990466
2020-01-10,7878.31,8166.55,7726.77,8166.55,28714583844
2020-01-11,8162.19,8218.36,8029.64,8037.54,25521165085
2020-01-12,8033.26,8200.06,8009.06,8192.49,22903438381
2020-01-13,8189.77,8197.79,8079.7,8144.19,22482910688
2020-01-14,8140.93,8879.51,8140.93,8827.76,44841784107
2020-01-15,8825.34,8890.12,8657.19,8807.01,40102834650
2020-01-16,8812.48,8846.46,8612.1,8723.79,31313981931
2020-01-17,8725.21,8958.12,8677.32,8929.04,36372139320
2020-01-18,8927.21,9012.2,8827.33,8942.81,32337772627
2020-01-19,8941.45,9164.36,8620.08,8706.25,34217320471
2020-01-20,8704.63,8745.59,8560.47,8657.64,26422375678
2020-01-21,8658.99,8755.71,8544.52,8745.89,24097418512
2020-01-22,8744.21,8792.99,8636.75,8680.88,22600204051
2020-01-23,8680.65,8687.75,8333.64,8406.52,25770680779
2020-01-24,8405.57,8514.67,8266.84,8445.43,24397913026
2020-01-25,8440.12,8458.45,8296.22,8367.85,19647331549
2020-01-26,8364.41,8602.4,8325.5,8596.83,22177678796
2020-01-27,8597.31,8977.73,8597.31,8909.82,28647338393
2020-01-28,8912.52,9358.59,8908.45,9358.59,34398744403
2020-01-29,9357.47,9406.43,9269.47,9316.63,30682598115
2020-01-30,9316.02,9553.13,9230.9,9508.99,32378792851
2020-01-31,9508.31,9521.71,9230.78,9350.53,29432489719
2020-02-01,9346.36,9439.32,9313.24,9392.88,25922656496
2020-02-02,9389.82,9468.8,9217.82,9344.37,30835736946
2020-02-03,9344.68,9540.37,9248.63,9293.52,30934096509
2020-02-04,9292.84,9331.27,9112.81,9180.96,29893183716
2020-02-05,9183.42,9701.3,9163.7,9613.42,35222060874
2020-02-06,9617.82,9824.62,9539.82,9729.8,37628823716
2020-02-07,9726.0,9834.72,9726.0,9795.94,34522718159
2020-02-08,9793.07,9876.75,9678.91,9865.12,35172043762
2020-02-09,9863.89,10129.44,9850.39,10116.67,35807884663
2020-02-10,10115.56,10165.77,9784.56,9856.61,39386548075
2020-02-11,9855.89,10210.05,9729.33,10208.24,37648059389
2020-02-12,10202.39,10393.61,10202.39,10326.05,43444303830
2020-02-13,10323.96,10457.63,10116.16,10214.38,49356071373
2020-02-14,10211.55,10322.0,10125.53,10312.12,43338264162
2020-02-15,10313.86,10341.56,9874.43,9889.42,43865054831
2020-02-16,9889.18,10053.97,9722.39,9934.43,43374780305
2020-02-17,9936.56,9938.82,9507.64,9690.14,45998298413
2020-02-18,9691.23,10161.94,9632.38,10142.0,47271023953
2020-02-19,10143.8,10191.68,9611.22,9633.39,46992019710
2020-02-20,9629.33,9643.22,9507.9,9608.48,44925260237
2020-02-21,9611.78,9723.01,9589.74,9686.44,40930547513
2020-02-22,9687.71,9698.23,9600.73,9663.18,35838025154
2020-02-23,9663.32,9937.4,9657.79,9924.52,41185185761
2020-02-24,9921.58,9951.75,9537.04,9650.17,45080496648
2020-02-25,9651.31,9652.74,9305.02,9341.71,42515259129
2020-02-26,9338.29,9354.78,8704.43,8820.52,50420050762
2020-02-27,8825.09,8932.89,8577.2,8784.49,45470195695
2020-02-28,8788.73,8890.46,8492.93,8672.46,44605450443
2020-02-29,8671.21,8775.63,8599.51,8599.51,35792392544
2020-03-01,8599.76,8726.8,8471.21,8562.45,35349164300
2020-03-02,8563.26,8921.31,8532.63,8869.67,42857674409
2020-03-03,8865.39,8901.6,8704.99,8787.79,42386715821
2020-03-04,8788.54,8843.37,8712.43,8755.25,34746706368
2020-03-05,8760.29,9142.05,8757.25,9078.76,39698054597
2020-03-06,9078.31,9167.7,9032.08,9122.55,40826885651
2020-03-07,9121.6,9163.22,8890.74,8909.95,36216930370
2020-03-08,8908.21,8914.34,8105.25,8108.12,39973102121
2020-03-09,8111.15,8177.79,7690.1,7923.64,46936995808
2020-03-10,7922.15,8136.95,7814.76,7909.73,42213940994
2020-03-11,7910.09,7950.81,7642.81,7911.43,38682762605
2020-03-12,7913.62,7929.12,4860.35,4970.79,53980357243
2020-03-13,5017.83,5838.11,4106.98,5563.71,74156772075
2020-03-14,5573.08,5625.23,5125.07,5200.37,36154506008
2020-03-15,5201.07,5836.65,5169.28,5392.31,33997889639
2020-03-16,5385.23,5385.23,4575.36,5014.48,45368026430
2020-03-17,5002.58,5371.35,4981.91,5225.63,38622642935
2020-03-18,5227.11,5331.83,5069.34,5238.44,37878801016
2020-03-19,5245.42,6329.74,5236.97,6191.19,51000731797
2020-03-20,6191.65,6844.26,5865.78,6198.78,54442976103
2020-03-21,6206.52,6378.14,5932.82,6185.07,42494390880
2020-03-22,6185.56,6359.7,5823.71,5830.25,40099664740
2020-03-23,5831.37,6443.93,5785.0,6416.31,46491916000
2020-03-24,6436.64,6789.02,6411.07,6734.8,48221910672
2020-03-25,6738.72,6892.51,6536.93,6681.06,44590107888
2020-03-26,6675.17,6735.46,6590.96,6716.44,35319797642
2020-03-27,6719.39,6793.84,6466.7,6469.8,34585598367
2020-03-28,6467.25,6467.5,6117.84,6242.19,34885225901
2020-03-29,6245.62,6250.47,5920.09,5922.04,28373690931
2020-03-30,5925.54,6517.2,5903.23,6429.84,37101651525
2020-03-31,6430.61,6504.52,6374.16,6438.64,32786468812
2020-04-01,6437.32,6612.57,6202.37,6606.78,40346426266
2020-04-02,6606.78,7088.25,6595.92,6793.62,47660646124
2020-04-03,6797.4,7003.22,6673.34,6733.39,38976504903
2020-04-04,6738.38,6878.95,6696.48,6867.53,33185988584
2020-04-05,6862.54,6883.41,6715.93,6791.13,29510409856
2020-04-06,6788.05,7271.78,6782.89,7271.78,46896904615
2020-04-07,7273.64,7427.94,7136.71,7176.41,44243482668
2020-04-08,7179.28,7356.22,7153.31,7334.1,37563249549
2020-04-09,7337.97,7341.45,7179.09,7302.09,34815139178
2020-04-10,7303.82,7303.82,6802.48,6865.49,43622840992
2020-04-11,6867.44,6926.07,6789.92,6859.08,31222085946
2020-04-12,6858.07,7119.95,6811.08,6971.09,35759567632
2020-04-13,6965.62,6965.62,6668.26,6845.04,38619308647
2020-04-14,6843.28,6958.56,6793.82,6842.43,34110434052
2020-04-15,6845.56,6928.66,6633.4,6642.11,32288311031
2020-04-16,6640.45,7134.45,6555.5,7116.8,46783242377
2020-04-17,7116.55,7167.18,7050.33,7096.18,32513423567
2020-04-18,7092.29,7269.96,7089.25,7257.67,32447188386
2020-04-19,7260.92,7280.52,7167.05,7189.42,31311210215
2020-04-20,7186.87,7240.29,6835.5,6881.96,37747113936
2020-04-21,6879.78,6934.55,6834.44,6880.32,32589741511
2020-04-22,6879.44,7145.87,6867.78,7117.21,33249153866
2020-04-23,7121.31,7491.79,7081.59,7429.72,43500782316
2020-04-24,7434.18,7574.2,7434.18,7550.9,34636526286
2020-04-25,7550.48,7641.36,7521.67,7569.94,32941541447
2020-04-26,7570.14,7700.59,7561.41,7679.87,33070154491
2020-04-27,7679.42,7795.6,7679.42,7795.6,36162144725
2020-04-28,7796.97,7814.53,7730.81,7807.06,33187959921
2020-04-29,7806.71,8871.75,7786.05,8801.04,60201052203
2020-04-30,8797.67,9440.65,8533.26,8658.55,66964629541
2020-05-01,8672.78,9048.02,8667.76,8864.77,44068389997
2020-05-02,8869.06,9007.19,8811.37,8988.6,40134388683
2020-05-03,8983.61,9167.78,8830.97,8897.47,47101785174
2020-05-04,8895.75,8956.91,8645.02,8912.65,45718796276
2020-05-05,8912.83,9062.42,8856.83,9003.07,43148462663
2020-05-06,9007.44,9411.47,8966.71,9268.76,49371886931
2020-05-07,9261.9,9992.66,9138.32,9951.52,61112700562
2020-05-08,9936.16,9996.74,9767.17,9842.67,51780748042
2020-05-09,9840.91,9913.86,9580.64,9593.9,46566121841
2020-05-10,9591.17,9595.58,8395.11,8756.43,63325279337
2020-05-11,8755.54,9033.47,8374.32,8601.8,57119858802
2020-05-12,8610.39,8949.9,8569.64,8804.48,42142717533
2020-05-13,8805.39,9317.88,8805.39,9269.99,45558144023
2020-05-14,9271.33,9793.27,9255.04,9733.72,56426907637
2020-05-15,9734.29,9755.83,9261.4,9328.2,48158802327
2020-05-16,9333.24,9564.21,9260.69,9377.01,36164766408
2020-05-17,9374.93,9823.0,9349.55,9670.74,40084250663
2020-05-18,9675.7,9906.03,9570.36,9726.58,41827139896
2020-05-19,9727.06,9836.05,9539.62,9729.04,39254288955
2020-05-20,9725.33,9804.79,9447.2,9522.98,36546239703
2020-05-21,9522.74,9555.24,8869.93,9081.76,39326160532
2020-05-22,9080.33,9232.94,9008.64,9182.58,29810773699
2020-05-23,9185.06,9302.5,9118.11,9209.29,27727866812
2020-05-24,9212.28,9288.4,8787.25,8790.37,32518803300
2020-05-25,8786.11,8951.01,8719.67,8906.93,31288157264
2020-05-26,8909.59,8991.97,8757.29,8835.05,29584186947
2020-05-27,8837.38,9203.32,8834.16,9181.02,32740536902
2020-05-28,9184.95,9546.32,9148.46,9525.75,34367073114
2020-05-29,9528.36,9573.67,9379.34,9439.12,32896642044
2020-05-30,9438.91,9704.03,9366.73,9700.41,32722975141
2020-05-31,9700.11,9700.34,9432.3,9461.06,27773290299
2020-06-01,9463.61,10199.57,9450.9,10167.27,35198901068
2020-06-02,10162.97,10182.34,9460.57,9529.8,39137252109
2020-06-03,9533.76,9682.86,9471.85,9656.72,25007459262
2020-06-04,9655.85,9887.61,9525.25,9800.64,25921805072
2020-06-05,9800.22,9869.24,9663.22,9665.53,23509628646
2020-06-06,9664.9,9773.43,9591.02,9653.68,20438419222
2020-06-07,9653.0,9768.5,9458.15,9758.85,25015250846
2020-06-08,9760.06,9782.31,9675.89,9771.49,21486346312
2020-06-09,9774.36,9836.37,9664.72,9795.7,23717842783
2020-06-10,9794.12,9908.9,9728.29,9870.09,25706567601
2020-06-11,9870.08,9938.3,9263.07,9321.78,30247143440
2020-06-12,9320.69,9540.47,9285.85,9480.84,22610564515
2020-06-13,9480.74,9493.21,9396.01,9475.28,17564322315
2020-06-14,9477.55,9482.27,9347.59,9386.79,18991732746
2020-06-15,9386.04,9504.86,8990.18,9450.7,26699704768
2020-06-16,9454.27,9579.43,9400.45,9538.02,21565537209
2020-06-17,9533.78,9540.42,9327.34,9480.25,20177709879
2020-06-18,9481.57,9482.78,9328.4,9411.84,17770083003
2020-06-19,9410.29,9440.88,9274.3,9288.02,19632223107
2020-06-20,9290.96,9394.97,9247.38,9332.34,17130541557
2020-06-21,9330.93,9401.11,9300.43,9303.63,15324301169
2020-06-22,9300.92,9655.07,9296.87,9648.72,21104009514
2020-06-23,9644.08,9670.54,9547.25,9629.66,17006433272
2020-06-24,9632.15,9680.37,9278.23,9313.61,18961716076
2020-06-25,9314.13,9340.16,9095.32,9264.81,18616048626
2020-06-26,9261.0,9310.52,9101.74,9162.92,18341465837
2020-06-27,9167.82,9207.81,8998.22,9045.39,17273093144
2020-06-28,9048.46,9197.55,8975.53,9143.58,14560870760
2020-06-29,9140.03,9237.57,9041.88,9190.85,16460547078
2020-06-30,9185.58,9217.84,9084.84,9137.99,15735797744
2020-07-01,9145.99,9309.75,9104.74,9228.33,15971550355
2020-07-02,9231.14,9274.96,9036.62,9123.41,16338916796
2020-07-03,9124.84,9202.34,9058.79,9087.3,13078970999
2020-07-04,9084.23,9183.3,9053.63,9132.49,12290528515
2020-07-05,9126.09,9162.18,8977.02,9073.94,12903406143
2020-07-06,9072.85,9375.47,9058.66,9375.47,17889263252
2020-07-07,9349.16,9360.62,9201.82,9252.28,13839652595
2020-07-08,9253.02,9450.34,9249.5,9428.33,19702359883
2020-07-09,9427.99,9431.38,9235.0,9277.97,18000702524
2020-07-10,9273.36,9287.47,9118.0,9278.81,16860035605
2020-07-11,9277.51,9293.53,9199.49,9240.35,13249910444
2020-07-12,9241.05,9319.42,9197.45,9276.5,14452361907
2020-07-13,9277.21,9306.41,9224.29,9243.61,17519821266
2020-07-14,9238.7,9283.84,9171.66,9243.21,18085038362
2020-07-15,9241.9,9275.33,9171.93,9192.84,15844731575
2020-07-16,9191.98,9214.31,9088.95,9132.23,15713967523
2020-07-17,9131.81,9182.25,9089.2,9151.39,13944570749
2020-07-18,9151.18,9230.98,9100.82,9159.04,12252601475
2020-07-19,9158.01,9201.4,9097.63,9185.82,12939002784
2020-07-20,9187.22,9214.27,9137.51,9164.23,13755604146
2020-07-21,9162.51,9407.26,9149.39,9374.89,18069581956
2020-07-22,9375.08,9530.52,9319.65,9525.36,16532254884
2020-07-23,9527.14,9610.25,9483.0,9581.07,18146399002
2020-07-24,9585.51,9623.34,9481.45,9536.89,16552768325
2020-07-25,9539.49,9704.56,9530.21,9677.11,16610070933
2020-07-26,9680.23,10023.81,9652.85,9905.17,20507998997
2020-07-27,9905.22,11298.22,9903.97,10990.87,35359749590
2020-07-28,11017.46,11204.33,10632.63,10912.82,28766551142
2020-07-29,10912.95,11304.4,10856.14,11100.47,24617249715
2020-07-30,11099.83,11169.36,10895.46,11111.21,22857247901
2020-07-31,11110.21,11415.86,10987.05,11323.47,23160469766
2020-08-01,11322.57,11794.78,11239.68,11759.59,26075670303
2020-08-02,11758.76,12034.14,11018.13,11053.61,27410067336
2020-08-03,11043.77,11453.08,11012.42,11246.35,20271713443
2020-08-04,11246.2,11385.38,11094.15,11205.89,21250197042
2020-08-05,11203.82,11786.62,11158.29,11747.02,24411254471
2020-08-06,11749.87,11902.34,11598.71,11779.77,23400740340
2020-08-07,11778.89,11898.04,11408.59,11601.47,23132312867
2020-08-08,11604.55,11800.06,11558.43,11754.05,17572057837
2020-08-09,11737.33,11806.06,11548.78,11675.74,17489608833
2020-08-10,11662.26,12045.14,11662.26,11878.11,26114112569
2020-08-11,11881.65,11932.71,11195.71,11410.53,27039782640
2020-08-12,11404.6,11748.4,11249.61,11584.93,25064548486
2020-08-13,11588.41,11796.4,11216.87,11784.14,27522199497
2020-08-14,11772.66,12150.99,11685.46,11768.87,24237958589
2020-08-15,11768.7,11963.2,11768.7,11865.7,23354924400
2020-08-16,11866.69,11934.9,11737.19,11892.8,20583375490
2020-08-17,11895.66,12359.06,11806.7,12254.4,28227687027
2020-08-18,12251.9,12335.71,11954.53,11991.23,26043227672
2020-08-19,11990.88,12028.92,11687.33,11758.28,24502851117
2020-08-20,11761.5,11900.41,11710.06,11878.37,20175242945
2020-08-21,11878.03,11899.26,11564.98,11592.49,23762425999
2020-08-22,11585.48,11689.41,11448.81,11681.83,20224191306
2020-08-23,11679.7,11713.43,11559.92,11664.85,18482062658
2020-08-24,11663.69,11807.63,11623.25,11774.6,20681511755
2020-08-25,11773.59,11778.3,11189.85,11366.13,26301509932
2020-08-26,11366.89,11530.05,11296.99,11488.36,22466660958
2020-08-27,11485.61,11570.79,11185.94,11323.4,23240415076
2020-08-28,11325.3,11545.62,11316.42,11542.5,19807127588
2020-08-29,11541.05,11585.64,11466.29,11506.87,17485597759
2020-08-30,11508.71,11715.26,11492.38,11711.51,19760127945
2020-08-31,11713.31,11768.88,11598.32,11680.82,22285928250
2020-09-01,11679.32,12067.08,11601.13,11970.48,27311555343
2020-09-02,11964.82,11964.82,11290.79,11414.03,28037405299
2020-09-03,11407.19,11443.02,10182.46,10245.3,31927261555
2020-09-04,10230.37,10663.92,10207.94,10511.81,29965130374
2020-09-05,10512.53,10581.57,9946.68,10169.57,44916565292
2020-09-06,10167.22,10353.93,10056.89,10280.35,37071460174
2020-09-07,10281.0,10399.15,9916.49,10369.56,33703098409
2020-09-08,10369.31,10414.78,9945.11,10131.52,33430927462
2020-09-09,10134.15,10350.54,10017.25,10242.35,24128292755
2020-09-10,10242.33,10503.91,10238.14,10363.14,54406443211
2020-09-11,10369.03,10434.92,10140.84,10400.92,45201121775
2020-09-12,10409.86,10578.84,10292.39,10442.17,36750077324
2020-09-13,10452.4,10577.21,10224.33,10323.76,36506852789
2020-09-14,10328.73,10800.01,10266.01,10680.84,35453581940
2020-09-15,10677.75,10938.63,10656.46,10796.95,32509451925
2020-09-16,10797.76,11100.12,10704.88,10974.91,30769986455
2020-09-17,10973.25,11037.42,10774.63,10948.99,38151810523
2020-09-18,10951.82,11034.91,10829.66,10944.59,26341903912
2020-09-19,10933.75,11134.09,10909.62,11094.35,22764204008
2020-09-20,11095.87,11095.87,10814.48,10938.27,24699523788
2020-09-21,10934.93,10988.3,10380.26,10462.26,28884999244
2020-09-22,10459.62,10568.08,10382.73,10538.46,23621787804
2020-09-23,10535.49,10537.83,10197.87,10246.19,23788661867
2020-09-24,10248.79,10771.06,10231.49,10760.07,47144380902
2020-09-25,10761.11,10777.7,10578.91,10692.72,39348590957
2020-09-26,10695.58,10773.0,10667.28,10750.72,46852525493
2020-09-27,10746.89,10803.98,10622.92,10775.27,53745972818
2020-09-28,10776.61,10945.35,10703.89,10709.65,47762394731
2020-09-29,10709.65,10860.0,10649.5,10844.64,46582396602
2020-09-30,10843.87,10847.26,10669.32,10784.49,44171073700
2020-10-01,10795.25,10933.62,10472.36,10619.45,40023134100
2020-10-02,10619.82,10657.84,10416.69,10575.97,48661453918
2020-10-03,10575.1,10598.94,10511.13,10549.33,44660271563
2020-10-04,10550.44,10686.0,10534.39,10669.58,71251776995
2020-10-05,10676.53,10793.51,10634.6,10793.34,47537578009
2020-10-06,10796.31,10797.58,10528.89,10604.41,42623695307
2020-10-07,10603.36,10680.51,10562.51,10668.97,37799458436
2020-10-08,10669.37,10945.74,10562.61,10915.69,63314794397
2020-10-09,10927.91,11102.67,10846.85,11064.46,22799117613
2020-10-10,11059.14,11442.21,11056.94,11296.36,22877978588
2020-10-11,11296.08,11428.81,11288.63,11384.18,19968627060
2020-10-12,11392.64,11698.47,11240.69,11555.36,26163972642
2020-10-13,11548.72,11548.98,11321.22,11425.9,24241420251
2020-10-14,11429.05,11539.98,11307.83,11429.51,24103426719
2020-10-15,11426.6,11569.91,11303.6,11495.35,24487233058
2020-10-16,11502.83,11540.06,11223.01,11322.12,25635480772
2020-10-17,11322.12,11386.26,11285.35,11358.1,19130430174
2020-10-18,11355.98,11483.36,11347.58,11483.36,18283314340
2020-10-19,11495.04,11799.09,11408.29,11742.04,23860769928
2020-10-20,11745.97,11999.92,11681.48,11916.33,30915821592
2020-10-21,11913.08,13184.57,11900.93,12823.69,43414712626
2020-10-22,12801.64,13161.59,12717.09,12965.89,34729759598
2020-10-23,12971.55,13015.96,12752.65,12931.54,28974975003
2020-10-24,12931.57,13145.07,12885.75,13108.06,24542317940
2020-10-25,13108.06,13329.18,12910.06,13031.17,24406920575
2020-10-26,13031.2,13225.3,12822.38,13075.25,29461458313
2020-10-27,13075.24,13759.67,13060.84,13654.22,33749878156
2020-10-28,13654.21,13837.7,12932.25,13271.29,35867318895
2020-10-29,13271.3,13612.05,12980.06,13437.88,56499499598
2020-10-30,13437.87,13651.52,13136.2,13546.52,30581485201
2020-10-31,13546.53,14028.21,13457.53,13781.0,30306464719
2020-11-01,13781.0,13862.03,13628.38,13737.11,24453857900
2020-11-02,13737.03,13808.32,13243.16,13550.49,30771455468
2020-11-03,13550.45,13984.98,13325.44,13950.3,29869951617
2020-11-04,13950.49,14218.77,13580.47,14133.71,35116364962
2020-11-05,14133.73,15706.4,14102.09,15579.85,40856321439
2020-11-06,15579.73,15903.44,15226.84,15565.88,39837841971
2020-11-07,15565.88,15737.1,14423.2,14833.75,35024953706
2020-11-08,14833.75,15637.32,14744.11,15479.57,26632075029
2020-11-09,15479.6,15785.14,14865.53,15332.32,34149115566
2020-11-10,15332.35,15450.33,15124.96,15290.9,25574938143
2020-11-11,15290.91,15916.26,15290.01,15701.34,29772374934
2020-11-12,15701.3,16305.0,15534.77,16276.34,34175758344
2020-11-13,16276.44,16463.18,15992.15,16317.81,31599492172
2020-11-14,16317.81,16317.81,15749.19,16068.14,27481710135
2020-11-15,16068.14,16123.11,15793.53,15955.59,23653867583
2020-11-16,15955.58,16816.18,15880.71,16716.11,31526766675
2020-11-17,16685.69,17782.92,16564.54,17645.41,39006849170
2020-11-18,17645.19,18393.95,17352.91,17804.01,49064800278
2020-11-19,17803.86,18119.55,17382.55,17817.09,36985055355
2020-11-20,17817.08,18773.23,17765.79,18621.31,36992873940
2020-11-21,18621.32,18936.62,18444.36,18642.23,39650210707
2020-11-22,18642.23,18688.97,17671.38,18370.0,41280434226
2020-11-23,18370.02,18711.43,18000.8,18364.12,42741112308
2020-11-24,18365.02,19348.27,18128.66,19107.46,51469565009
2020-11-25,19104.41,19390.96,18581.15,18732.12,43710357371
2020-11-26,18729.84,18866.29,16351.04,17150.62,61396835737
2020-11-27,17153.91,17445.02,16526.42,17108.4,38886494645
2020-11-28,17112.93,17853.94,16910.65,17717.41,32601040734
2020-11-29,17719.63,18283.63,17559.12,18177.48,31133957704
2020-11-30,18178.32,19749.26,18178.32,19625.84,47728480399
2020-12-01,19633.77,19845.97,18321.92,18803.0,49633658712
2020-12-02,18801.74,19308.33,18347.72,19201.09,37387697139
2020-12-03,19205.93,19566.19,18925.79,19445.4,31930317405
2020-12-04,19446.97,19511.4,18697.19,18699.77,33872388058
2020-12-05,18698.38,19160.45,18590.19,19154.23,27242455064
2020-12-06,19154.18,19390.5,18897.89,19345.12,25293775714
2020-12-07,19343.13,19411.83,18931.14,19191.63,26896357742
2020-12-08,19191.53,19283.48,18269.95,18321.14,31692288756
2020-12-09,18320.88,18626.29,17935.55,18553.92,34420373071
2020-12-10,18553.3,18553.3,17957.06,18264.99,25547132265
2020-12-11,18263.93,18268.45,17619.53,18058.9,27919640985
2020-12-12,18051.32,18919.55,18046.04,18803.66,21752580802
2020-12-13,18806.77,19381.54,18734.33,19142.38,25450468637
2020-12-14,19144.49,19305.1,19012.71,19246.64,22473997681
2020-12-15,19246.92,19525.01,19079.84,19417.08,26741982541
2020-12-16,19418.82,21458.91,19298.32,21310.6,44409011479
2020-12-17,21308.35,23642.66,21234.68,22805.16,71378606374
2020-12-18,22806.8,23238.6,22399.81,23137.96,40387896275
2020-12-19,23132.87,24085.86,22826.47,23869.83,38487546580
2020-12-20,23861.77,24209.66,23147.71,23477.29,37844228422
2020-12-21,23474.46,24059.98,22159.37,22803.08,45852713981
2020-12-22,22794.04,23789.9,22430.61,23783.03,44171632681
2020-12-23,23781.97,24024.49,22802.65,23241.35,51146161904
2020-12-24,23240.2,23768.34,22777.6,23735.95,41080759713
2020-12-25,23733.57,24710.1,23463.67,24664.79,42068395846
2020-12-26,24677.02,26718.07,24522.69,26437.04,48332647295
2020-12-27,26439.37,28288.84,25922.77,26272.29,66479895605
2020-12-28,26280.82,27389.11,26207.64,27084.81,49056742893
2020-12-29,27081.81,27370.72,25987.3,27362.44,45265946774
2020-12-30,27360.09,28937.74,27360.09,28840.95,51287442704
2020-12-31,28841.57,29244.88,28201.99,29001.72,46754964848
2021-01-01,28994.01,29600.63,28803.59,29374.15,40730301359
2021-01-02,29376.46,33155.12,29091.18,32127.27,67865420765
2021-01-03,32129.41,34608.56,32052.32,32782.02,78665235202
2021-01-04,32810.95,33440.22,28722.76,31971.91,81163475344
2021-01-05,31977.04,34437.59,30221.19,33992.43,67547324782
2021-01-06,34013.61,36879.7,33514.04,36824.36,75289433811
2021-01-07,36833.88,40180.37,36491.19,39371.04,84762141031
2021-01-08,39381.77,41946.74,36838.64,40797.61,88107519480
2021-01-09,40788.64,41436.35,38980.88,40254.55,61984162837
2021-01-10,40254.22,41420.19,35984.63,38356.44,79980747690
2021-01-11,38346.53,38346.53,30549.6,35566.66,123320567399
2021-01-12,35516.36,36568.53,32697.98,33922.96,74773277909
2021-01-13,33915.12,37599.96,32584.67,37316.36,69364315979
2021-01-14,37325.11,39966.41,36868.56,39187.33,63615990033
2021-01-15,39156.71,39577.71,34659.59,36825.37,67760757881
2021-01-16,36821.65,37864.37,35633.55,36178.14,57706187875
2021-01-17,36163.65,36722.35,34069.32,35791.28,52359854336
2021-01-18,35792.24,37299.29,34883.84,36630.07,49511702429
2021-01-19,36642.23,37755.89,36069.8,36069.8,57244195486
2021-01-20,36050.11,36378.33,33570.48,35547.75,66834573161
2021-01-21,35549.4,35552.68,30250.75,30825.7,75643067688
2021-01-22,30817.62,33811.85,28953.37,33005.76,77207272511
2021-01-23,32985.76,33360.98,31493.16,32067.64,48354737975
2021-01-24,32064.38,32944.01,31106.69,32289.38,48643830599
2021-01-25,32285.8,34802.74,32087.79,32366.39,59897054838
2021-01-26,32358.61,32794.55,31030.27,32569.85,60255421470
2021-01-27,32564.03,32564.03,29367.14,30432.55,62576762015
2021-01-28,30441.04,33858.31,30023.21,33466.1,76517157706
2021-01-29,34318.67,38406.26,32064.81,34316.39,117894572511
2021-01-30,34295.93,34834.71,32940.19,34269.52,65141828798
2021-01-31,34270.88,34288.33,32270.18,33114.36,52754542671
2021-02-01,33114.58,34638.21,32384.23,33537.18,61400400660
2021-02-02,33533.2,35896.88,33489.22,35510.29,63088585433
2021-02-03,35510.82,37480.19,35443.98,37472.09,61166818159
2021-02-04,37475.11,38592.18,36317.5,36926.07,68838074392
2021-02-05,36931.55,38225.91,36658.76,38144.31,58598066402
2021-02-06,38138.39,40846.55,38138.39,39266.01,71326033653
2021-02-07,39250.19,39621.84,37446.15,38903.44,65500641143
2021-02-08,38886.83,46203.93,38076.32,46196.46,101467222687
2021-02-09,46184.99,48003.72,45166.96,46481.11,91809846886
2021-02-10,46469.76,47145.57,43881.15,44918.18,87301089896
2021-02-11,44898.71,48463.47,44187.76,47909.33,81388911810
2021-02-12,47877.04,48745.73,46424.98,47504.85,76555041196
2021-02-13,47491.2,48047.75,46392.28,47105.52,70250456155
2021-02-14,47114.51,49487.64,47114.51,48717.29,71248675228
2021-02-15,48696.54,48875.57,46347.48,47945.06,77069903166
2021-02-16,47944.46,50341.1,47201.3,49199.87,77049582886
2021-02-17,49207.28,52533.91,49072.38,52149.01,80820545404
2021-02-18,52140.97,52474.11,51015.77,51679.8,52054723579
2021-02-19,51675.98,56113.65,50937.28,55888.13,63495496918
2021-02-20,55887.34,57505.23,54626.56,56099.52,68145460026
2021-02-21,56068.57,58330.57,55672.61,57539.95,51897585191
2021-02-22,57532.74,57533.39,48967.57,54207.32,92052420332
2021-02-23,54204.93,54204.93,45290.59,48824.43,106102492824
2021-02-24,48835.09,51290.14,47213.5,49705.33,63695521388
2021-02-25,49709.08,51948.97,47093.85,47093.85,54506565949
2021-02-26,47180.46,48370.79,44454.84,46339.76,350967941479
2021-02-27,46344.77,48253.27,45269.03,46188.45,45910946382
2021-02-28,46194.02,46716.43,43241.62,45137.77,53443887451
2021-03-01,45159.5,49784.02,45115.09,49631.24,53891300112
2021-03-02,49612.11,50127.51,47228.84,48378.99,47530897720
2021-03-03,48415.82,52535.14,48274.32,50538.24,53220811975
2021-03-04,50522.3,51735.09,47656.93,48561.17,52343816680
2021-03-05,48527.03,49396.43,46542.52,48927.3,48625928883
2021-03-06,48899.23,49147.22,47257.53,48912.38,34363564661
2021-03-07,48918.68,51384.37,48918.68,51206.69,43137459378
2021-03-08,51174.12,52314.07,49506.05,52246.52,48597428048
2021-03-09,52272.97,54824.12,51981.83,54824.12,50912227385
2021-03-10,54824.01,57258.25,53290.89,56008.55,57295577614
2021-03-11,55963.18,58091.06,54484.59,57805.12,56772343595
2021-03-12,57821.22,57996.62,55376.65,57332.09,55689944702
2021-03-13,57343.37,61683.86,56217.97,61243.09,60669829814
2021-03-14,61221.13,61597.92,59302.32,59302.32,43901225564
2021-03-15,59267.43,60540.99,55393.16,55907.2,66419369890
2021-03-16,55840.79,56833.18,53555.03,56804.9,59749798599
2021-03-17,56825.83,58969.82,54528.63,58870.89,60258313191
2021-03-18,58893.08,60116.25,54253.58,57858.92,55746041000
2021-03-19,57850.44,59498.38,56643.7,58346.65,49063873786
2021-03-20,58332.26,60031.29,58213.3,58313.64,50361731222
2021-03-21,58309.91,58767.9,56005.62,57523.42,51943414539
2021-03-22,57517.89,58471.48,54288.16,54529.14,56521454974
2021-03-23,54511.66,55985.44,53470.7,54738.95,56435023914
2021-03-24,54710.49,57262.38,52514.33,52774.27,70567223787
2021-03-25,52726.75,53392.39,50856.57,51704.16,67999812841
2021-03-26,51683.01,55137.31,51579.86,55137.31,56652197978
2021-03-27,55137.57,56568.21,54242.91,55973.51,47266542233
2021-03-28,55974.94,56610.31,55071.11,55950.75,47686580918
2021-03-29,55947.9,58342.1,55139.34,57750.2,57625587027
2021-03-30,57750.13,59447.22,57251.55,58917.69,54414116432
2021-03-31,58930.28,59930.03,57726.42,58918.83,65520826225
2021-04-01,58926.56,59586.07,58505.28,59095.81,61669163792
2021-04-02,59098.88,60267.19,58869.28,59384.31,58727860620
2021-04-03,59397.41,60110.27,57603.89,57603.89,59641344484
2021-04-04,57604.84,58913.75,57168.68,58758.55,50749662970
2021-04-05,58760.88,59891.3,57694.82,59057.88,60706272115
2021-04-06,59171.93,59479.58,57646.81,58192.36,66058027988
2021-04-07,58186.51,58731.14,55604.02,56048.94,75645303584
2021-04-08,56099.91,58338.74,55879.09,58323.95,53053855641
2021-04-09,58326.56,58937.05,57807.86,58245.0,46655208546
2021-04-10,58253.78,61276.66,58038.71,59793.23,58238470525
2021-04-11,59846.23,60790.55,59289.8,60204.96,46280252580
2021-04-12,60175.95,61253.04,59589.88,59893.45,51828688519
2021-04-13,59890.02,63742.29,59869.96,63503.46,69983454362
2021-04-14,63523.75,64863.1,61554.8,63109.7,77451779687
2021-04-15,63075.2,63821.67,62208.96,63314.01,60954381579
2021-04-16,63258.5,63594.72,60222.53,61572.79,84293007468
2021-04-17,61529.92,62572.18,60361.35,60683.82,66138759198
2021-04-18,60701.89,61057.46,52829.54,56216.18,97468872758
2021-04-19,56191.59,57520.05,54368.59,55724.27,65344865159
2021-04-20,55681.79,57062.15,53448.05,56473.03,67849323955
2021-04-21,56471.13,56757.97,53695.47,53906.09,54926612466
2021-04-22,53857.11,55410.23,50583.81,51762.27,74798630778
2021-04-23,51739.81,52120.79,47714.66,51093.65,86668667320
2021-04-24,51143.23,51167.56,48805.29,50050.87,49014494781
2021-04-25,50052.83,50506.02,47159.48,49004.25,46117114240
2021-04-26,49077.79,54288.0,48852.8,54021.75,58284039825
2021-04-27,54030.3,55416.96,53319.19,55033.12,49448222757
2021-04-28,55036.64,56227.21,53887.92,54824.7,48000572955
2021-04-29,54858.09,55115.84,52418.03,53555.11,46088929780
2021-04-30,53568.66,57900.72,53129.6,57750.18,52395931985
2021-05-01,57714.66,58448.34,57052.27,57828.05,42836427360
2021-05-02,57825.86,57902.59,56141.91,56631.08,38177405335
2021-05-03,56620.27,58973.31,56590.87,57200.29,51713139031
2021-05-04,57214.18,57214.18,53191.43,53333.54,68564706967
2021-05-05,53252.16,57911.36,52969.05,57424.01,69241316747
2021-05-06,57441.31,58363.32,55382.51,56396.52,69523285106
2021-05-07,56413.95,58606.63,55321.85,57356.4,68434023376
2021-05-08,57352.77,59464.61,56975.21,58803.78,65382980634
2021-05-09,58877.39,59210.88,56482.0,58232.32,65906690347
2021-05-10,58250.87,59519.36,54071.46,55859.8,71776546298
2021-05-11,55847.24,56872.54,54608.65,56704.57,61308396325
2021-05-12,56714.53,57939.36,49150.54,49150.54,75215403907
2021-05-13,49735.43,51330.84,46980.02,49716.19,96721152926
2021-05-14,49682.98,51438.12,48868.58,49880.54,55737497453
2021-05-15,49855.5,50639.66,46664.14,46760.19,59161047474
2021-05-16,46716.64,49720.04,43963.35,46456.06,64047871555
2021-05-17,46415.9,46623.56,42207.29,43537.51,74903638450
2021-05-18,43488.06,45812.46,42367.83,42909.4,56187365084
2021-05-19,42944.98,43546.12,30681.5,37002.44,126358098747
2021-05-20,36753.67,42462.98,35050.62,40782.74,88281943359
2021-05-21,40596.95,42172.17,33616.45,37304.69,82051616861
2021-05-22,37371.03,38831.05,35383.68,37536.63,57377273240
2021-05-23,37531.45,38289.22,31227.34,34770.58,78469274361
2021-05-24,34700.36,39835.14,34551.08,38705.98,67359584098
2021-05-25,38795.78,39776.35,36581.43,38402.22,56211915803
2021-05-26,38392.62,40782.08,37905.84,39294.2,51346735160
2021-05-27,39316.89,40379.62,37247.9,38436.97,43210968721
2021-05-28,38507.08,38856.97,34779.04,35697.61,55200191952
2021-05-29,35684.16,37234.5,33693.93,34616.07,45231013335
2021-05-30,34607.41,36400.67,33520.74,35678.13,31646080921
2021-05-31,35658.59,37468.25,34241.95,37332.86,39009847639
2021-06-01,37293.79,37896.73,35787.09,36684.93,34639423297
2021-06-02,36699.92,38231.34,35966.31,37575.18,33070867190
2021-06-03,37599.41,39478.95,37243.97,39208.77,35460750427
2021-06-04,39242.48,39242.48,35717.72,36894.41,41831090187
2021-06-05,36880.16,37917.71,34900.41,35551.96,35959473399
2021-06-06,35538.61,36436.42,35304.58,35862.38,28913440585
2021-06-07,35835.27,36790.57,33480.64,33560.71,33683936663
2021-06-08,33589.52,34017.39,31114.44,33472.63,49902050442
2021-06-09,33416.98,37537.37,32475.87,37345.12,53972919008
2021-06-10,37389.52,38334.32,35847.59,36702.6,43576032854
2021-06-11,36697.03,37608.7,36044.45,37334.4,38699736985
2021-06-12,37340.14,37408.93,34728.19,35552.52,37924228550
2021-06-13,35555.79,39322.78,34864.11,39097.86,40669112838
2021-06-14,39016.97,40978.36,38757.29,40218.48,43148914673
2021-06-15,40427.17,41295.27,39609.47,40406.27,46420149185
2021-06-16,40168.69,40516.78,38176.04,38347.06,39211635100
2021-06-17,38341.42,39513.67,37439.68,38053.5,37096670047
2021-06-18,38099.48,38187.26,35255.86,35787.25,36200887275
2021-06-19,35854.53,36457.8,34933.06,35615.87,31207279719
2021-06-20,35563.14,36059.48,33432.07,35698.3,36664034054
2021-06-21,35641.14,35721.64,31295.94,31676.69,52809038594
2021-06-22,31622.38,33292.45,28893.62,32505.66,58964353058
2021-06-23,32515.71,34753.41,31772.63,33723.03,46317108925
2021-06-24,33682.8,35228.85,32385.21,34662.44,33123368116
2021-06-25,34659.11,35487.25,31350.88,31637.78,40230904226
2021-06-26,31594.66,32637.59,30184.5,32186.28,38585385521
2021-06-27,32287.52,34656.13,32071.76,34649.64,35511640894
2021-06-28,34679.12,35219.89,33902.07,34434.34,33892523752
2021-06-29,34475.56,36542.11,34252.48,35867.78,37901460044
2021-06-30,35908.39,36074.76,34086.15,35040.84,34059036099
2021-07-01,35035.98,35035.98,32883.78,33572.12,37838957079
2021-07-02,33549.6,33939.59,32770.68,33897.05,38728974942
2021-07-03,33854.42,34909.26,33402.7,34668.55,24383958643
2021-07-04,34665.57,35937.57,34396.48,35287.78,24924307911
2021-07-05,35284.34,35284.34,33213.66,33746.0,26721554282
2021-07-06,33723.51,35038.54,33599.92,34235.2,26501259870
2021-07-07,34225.68,34997.66,33839.29,33855.33,24796027477
2021-07-08,33889.61,33907.91,32133.18,32877.37,29910396946
2021-07-09,32861.67,34042.29,32318.88,33798.01,27436021028
2021-07-10,33811.24,34209.07,33116.01,33520.52,22971873468
2021-07-11,33509.08,34584.7,33346.74,34240.19,20108729370
2021-07-12,34254.02,34592.16,32697.31,33155.85,24321499537
2021-07-13,33125.47,33327.1,32261.42,32702.03,19120856669
2021-07-14,32723.85,33061.4,31639.12,32822.35,21376531210
2021-07-15,32827.88,33159.64,31175.71,31780.73,21300524237
2021-07-16,31841.55,32218.41,31100.67,31421.54,23699476918
2021-07-17,31397.31,31935.95,31223.99,31533.07,18895018942
2021-07-18,31533.88,32399.0,31215.49,31796.81,18787986667
2021-07-19,31800.01,31885.86,30563.73,30817.83,20434789545
2021-07-20,30838.29,31006.19,29360.96,29807.35,23148267245
2021-07-21,29796.29,32752.33,29526.18,32110.69,28203024559
2021-07-22,32138.87,32576.4,31745.3,32313.11,19555230518
2021-07-23,32305.96,33581.55,32057.89,33581.55,22552046192
2021-07-24,33593.73,34490.39,33424.86,34292.45,21664706865
2021-07-25,34290.29,35364.93,33881.84,35350.19,20856685287
2021-07-26,35384.03,40499.68,35287.31,37337.54,51022126212
2021-07-27,37276.04,39406.94,36441.73,39406.94,35097370560
2021-07-28,39503.19,40816.07,38862.44,39995.91,38702404695
2021-07-29,39995.45,40593.07,39352.06,40008.42,27167146027
2021-07-30,40027.48,42235.55,38397.36,42235.55,33072782960
2021-07-31,42196.3,42231.45,41110.83,41626.2,25802845343
2021-08-01,41460.84,42541.68,39540.94,39974.89,26688438115
2021-08-02,39907.26,40419.18,38746.35,39201.95,25595265436
2021-08-03,39178.4,39750.03,37782.05,38152.98,26189830450
2021-08-04,38213.33,39952.3,37589.16,39747.5,25372562724
2021-08-05,39744.52,41341.93,37458.0,40869.55,35185031017
2021-08-06,40865.87,43271.66,39932.18,42816.5,38226483046
2021-08-07,42832.8,44689.86,42618.57,44555.8,40030862141
2021-08-08,44574.44,45282.35,43331.91,43798.12,36302664750
2021-08-09,43791.93,46456.83,42848.69,46365.4,38734079049
2021-08-10,46280.85,46637.99,44705.55,45585.03,33546019517
2021-08-11,45599.7,46735.63,45351.71,45593.64,34319709073
2021-08-12,45576.88,46228.91,43861.45,44428.29,33723620826
2021-08-13,44439.69,47831.98,44282.42,47793.32,31744259539
2021-08-14,47810.69,48098.68,46177.63,47096.95,31211354442
2021-08-15,47096.67,47357.11,45579.59,47047.0,30988958446
2021-08-16,47019.96,47998.1,45700.32,46004.48,32776876610
2021-08-17,45936.46,47139.57,44512.42,44695.36,33451362600
2021-08-18,44686.75,45952.06,44364.03,44801.19,32194123075
2021-08-19,44741.88,46970.76,43998.32,46717.58,37204312299
2021-08-20,46723.12,49342.15,46650.71,49339.18,34706867452
2021-08-21,49327.07,49717.02,48312.2,48905.49,40585205312
2021-08-22,48869.11,49471.61,48199.94,49321.65,25370975378
2021-08-23,49291.68,50482.08,49074.61,49546.15,34305053719
2021-08-24,49562.35,49878.77,47687.12,47706.12,35361168834
2021-08-25,47727.26,49202.88,47163.61,48960.79,32646349931
2021-08-26,49002.64,49347.58,46405.78,46942.22,32666549568
2021-08-27,46894.55,49112.79,46394.28,49058.67,34511076995
2021-08-28,49072.59,49283.5,48499.24,48902.4,28568103401
2021-08-29,48911.25,49644.11,47925.86,48829.83,25889650240
2021-08-30,48834.85,48925.61,46950.27,47054.98,31847007016
2021-08-31,47024.34,48189.55,46750.09,47166.69,34730363427
2021-09-01,47099.77,49111.09,46562.44,48847.03,39139399125
2021-09-02,48807.85,50343.42,48652.32,49327.72,39508070319
2021-09-03,49288.25,50982.27,48386.09,50025.38,43206179619
2021-09-04,50009.32,50545.58,49548.78,49944.62,37471327794
2021-09-05,49937.86,51868.68,49538.6,51753.41,30322676319
2021-09-06,51769.0,52700.94,51053.68,52633.54,38884105426
2021-09-07,52660.48,52853.77,43285.21,46811.13,65210059683
2021-09-08,46827.76,47334.05,44561.39,46091.39,49007762488
2021-09-09,45774.74,47261.95,45669.74,46391.42,38672657013
2021-09-10,46396.66,47031.74,44344.48,44883.91,39154666597
2021-09-11,44869.84,45969.29,44818.27,45201.46,34499835245
2021-09-12,45206.63,46364.88,44790.46,46063.27,27881980161
2021-09-13,46057.21,46598.68,43591.32,44963.07,40969943253
2021-09-14,44960.05,47218.12,44752.33,47092.49,38652152880
2021-09-15,47098.0,48450.47,46773.33,48176.35,30484496466
2021-09-16,48158.91,48486.83,47079.56,47783.36,31764293754
2021-09-17,47771.0,48160.92,46832.52,47267.52,28727713711
2021-09-18,47273.53,48791.78,47087.29,48278.36,28575630451
2021-09-19,48268.86,48328.37,46919.8,47260.22,26967722648
2021-09-20,47261.41,47328.2,42598.91,42843.8,43909845642
2021-09-21,43012.23,43607.61,39787.61,40693.68,48701090088
2021-09-22,40677.95,43978.62,40625.63,43574.51,38139709246
2021-09-23,43560.3,44942.18,43109.34,44895.1,34244064430
2021-09-24,44894.3,45080.49,40936.56,42839.75,42839345714
2021-09-25,42840.89,42996.26,41759.92,42716.59,31604717236
2021-09-26,42721.63,43919.3,40848.46,43208.54,30661222077
2021-09-27,43234.18,44313.25,42190.63,42235.73,30980029059
2021-09-28,42200.9,42775.14,40931.66,41034.54,30214940550
2021-09-29,41064.98,42545.26,40829.67,41564.36,30602359905
2021-09-30,41551.27,44092.6,41444.58,43790.89,31141681925
2021-10-01,43816.74,48436.01,43320.02,48116.94,42850641582
2021-10-02,48137.47,48282.06,47465.5,47711.49,30614346492
2021-10-03,47680.03,49130.69,47157.29,48199.95,26638115879
2021-10-04,48208.91,49456.78,47045.0,49112.9,33383173002
2021-10-05,49174.96,51839.98,49072.84,51514.81,35873904236
2021-10-06,51486.66,55568.46,50488.19,55361.45,49034730168
2021-10-07,55338.62,55338.62,53525.47,53805.98,36807860413
2021-10-08,53802.14,55922.98,53688.05,53967.85,34800873924
2021-10-09,53929.78,55397.95,53735.14,54968.22,32491211414
2021-10-10,54952.82,56401.3,54264.26,54771.58,39527792364
2021-10-11,54734.12,57793.04,54519.77,57484.79,42637331698
2021-10-12,57526.83,57627.88,54477.97,56041.06,41083758949
2021-10-13,56038.26,57688.66,54370.97,57401.1,41684252783
2021-10-14,57372.83,58478.73,56957.07,57321.52,36615791366
2021-10-15,57345.9,62757.13,56868.14,61593.95,51780081801
2021-10-16,61609.53,62274.48,60206.12,60892.18,34250964237
2021-10-17,60887.65,61645.52,59164.47,61553.62,29032367511
2021-10-18,61548.8,62614.66,60012.76,62026.08,38055562075
2021-10-19,62043.16,64434.54,61622.93,64261.99,40471196346
2021-10-20,64284.59,66930.39,63610.68,65992.84,40788955582
2021-10-21,66002.23,66600.55,62117.41,62210.17,45908121370
2021-10-22,62237.89,63715.02,60122.8,60692.27,38434082775
2021-10-23,60694.63,61743.88,59826.52,61393.62,26882546034
2021-10-24,61368.34,61505.8,59643.34,60930.84,27316183882
2021-10-25,60893.93,63729.32,60691.8,63039.82,31064911614
2021-10-26,63032.76,63229.03,59991.16,60363.79,34878965587
2021-10-27,60352.0,61435.18,58208.19,58482.39,43657076893
2021-10-28,58470.73,62128.63,58206.92,60622.14,45257083247
2021-10-29,60624.87,62927.61,60329.96,62227.96,36856881767
2021-10-30,62239.36,62330.14,60918.39,61888.83,32157938616
2021-10-31,61850.49,62406.17,60074.33,61318.96,32241199927
2021-11-01,61320.45,62419.0,59695.18,61004.41,36150572843
2021-11-02,60963.25,64242.79,60673.05,63226.4,37746665647
2021-11-03,63254.34,63516.94,61184.24,62970.05,36124731509
2021-11-04,62941.8,63123.29,60799.66,61452.23,32615846901
2021-11-05,61460.08,62541.47,60844.61,61125.68,30605102446
2021-11-06,61068.88,61590.68,60163.78,61527.48,29094934221
2021-11-07,61554.92,63326.99,61432.49,63326.99,24726754302
2021-11-08,63344.07,67673.74,63344.07,67566.83,41125608330
2021-11-09,67549.73,68530.34,66382.06,66971.83,42357991721
2021-11-10,66953.34,68789.62,63208.11,64995.23,48730828378
2021-11-11,64978.89,65579.02,64180.49,64949.96,35880633236
2021-11-12,64863.98,65460.82,62333.91,64155.94,36084893887
2021-11-13,64158.12,64915.68,63303.73,64469.53,30474228777
2021-11-14,64455.37,65495.18,63647.81,65466.84,25122092191
2021-11-15,65521.29,66281.57,63548.14,63557.87,30558763548
2021-11-16,63721.2,63721.2,59016.34,60161.25,46844335592
2021-11-17,60139.62,60823.61,58515.41,60368.01,39178392930
2021-11-18,60360.14,60948.5,56550.79,56942.14,41388338699
2021-11-19,56896.13,58351.11,55705.18,58119.58,38702407772
2021-11-20,58115.08,59859.88,57469.73,59697.2,30624264863
2021-11-21,59730.51,60004.43,58618.93,58730.48,26123447605
2021-11-22,58706.85,59266.36,55679.84,56289.29,35036121783
2021-11-23,56304.55,57875.52,55632.76,57569.07,37485803899
2021-11-24,57565.85,57803.07,55964.22,56280.43,36635566789
2021-11-25,57165.42,59367.97,57146.68,57274.68,34284016248
2021-11-26,58960.29,59183.48,53569.77,53569.77,41810748221
2021-11-27,53736.43,55329.26,53668.36,54815.08,30560857714
2021-11-28,54813.02,57393.84,53576.73,57248.46,28116886357
2021-11-29,57291.91,58872.88,56792.53,57806.57,32370840356
2021-11-30,57830.11,59113.4,56057.28,57005.43,36708594618
2021-12-01,56907.96,59041.68,56553.08,57229.83,36858195307
2021-12-02,57217.37,57349.23,55895.13,56477.82,32379968686
2021-12-03,56509.16,57482.17,52496.59,53598.25,39789134215
2021-12-04,53727.88,53904.68,42874.62,49200.7,61385677469
2021-12-05,49201.52,49768.15,47857.5,49368.85,37198201161
2021-12-06,49413.48,50929.52,47281.04,50582.62,37707308001
2021-12-07,50581.83,51934.78,50175.81,50700.09,33676814852
2021-12-08,50667.65,51171.38,48765.99,50504.8,28479699446
2021-12-09,50450.08,50797.16,47358.35,47672.12,29603577251
2021-12-10,47642.14,50015.25,47023.7,47243.3,30966005122
2021-12-11,47264.63,49458.21,46942.35,49362.51,25775869261
2021-12-12,49354.86,50724.87,48725.85,50098.34,21939223599
2021-12-13,50114.74,50205.0,45894.85,46737.48,32166727776
2021-12-14,46709.82,48431.4,46424.5,46612.63,34638619079
2021-12-15,48379.75,49473.96,46671.96,48896.72,36541828520
2021-12-16,48900.46,49425.57,47529.88,47665.43,27268150947
2021-12-17,47653.73,48004.89,45618.21,46202.14,32902725329
2021-12-18,46219.25,47313.83,45598.44,46848.78,26098292690
2021-12-19,46853.87,48089.66,46502.95,46707.02,25154053861
2021-12-20,46707.06,47401.72,45579.81,46880.28,30961902129
2021-12-21,46886.08,49300.92,46698.77,48936.61,27055803928
2021-12-22,48937.1,49544.8,48450.94,48628.51,24447979559
2021-12-23,48626.34,51332.34,48065.84,50784.54,28223878108
2021-12-24,50806.05,51814.03,50514.5,50822.2,24367912228
2021-12-25,50854.92,51176.6,50236.71,50429.86,19030650914
2021-12-26,50428.69,51196.38,49623.11,50809.52,20964372926
2021-12-27,50802.61,51956.33,50499.47,50640.42,24324345758
2021-12-28,50679.86,50679.86,47414.21,47588.86,33430376883
2021-12-29,47623.87,48119.74,46201.5,46444.71,30049226299
2021-12-30,46490.61,47879.96,46060.31,47178.12,26686491018
2021-12-31,47169.37,48472.53,45819.95,46306.45,36974172400
2022-01-01,46311.75,47827.31,46288.48,47686.81,24582667004
2022-01-02,47680.93,47881.41,46856.94,47345.22,27951569547
2022-01-03,47343.54,47510.73,45835.96,46458.12,33071628362
2022-01-04,46458.85,47406.55,45752.46,45897.57,42494677905
2022-01-05,45899.36,46929.05,42798.22,43569.0,36851084859
2022-01-06,43565.51,43748.72,42645.54,43160.93,30208048289
2022-01-07,43153.57,43153.57,41077.45,41557.9,84196607520
2022-01-08,41561.46,42228.94,40672.28,41733.94,28066355845
2022-01-09,41734.73,42663.95,41338.16,41911.6,21294384372
2022-01-10,41910.23,42199.48,39796.57,41821.26,32104232331
2022-01-11,41819.51,43001.16,41407.75,42735.86,26327648900
2022-01-12,42742.18,44135.37,42528.99,43949.1,33499938689
2022-01-13,43946.74,44278.42,42447.04,42591.57,47691135082
2022-01-14,42598.87,43346.69,41982.62,43099.7,23577403399
2022-01-15,43101.9,43724.67,42669.04,43177.4,18371348298
2022-01-16,43172.04,43436.81,42691.02,43113.88,17902097845
2022-01-17,43118.12,43179.39,41680.32,42250.55,21690904261
2022-01-18,42250.07,42534.4,41392.21,42375.63,22417209227
2022-01-19,42374.04,42478.3,41242.91,41744.33,23091543258
2022-01-20,41744.03,43413.02,40672.82,40680.42,20382033940
2022-01-21,40699.61,41060.53,35791.43,36457.32,43011992031
2022-01-22,36471.59,36688.81,34349.25,35030.25,39714385405
2022-01-23,35047.36,36433.31,34784.97,36276.8,26017975951
2022-01-24,36275.73,37247.52,33184.06,36654.33,41856658597
2022-01-25,36654.8,37444.57,35779.43,36954.0,26428189594
2022-01-26,36950.52,38825.41,36374.91,36852.12,31324598034
2022-01-27,36841.88,37148.32,35629.28,37138.23,25041426629
2022-01-28,37128.45,37952.88,36211.11,37784.33,22238830523
2022-01-29,37780.71,38576.26,37406.47,38138.18,17194183075
2022-01-30,38151.92,38266.34,37437.71,37917.6,14643548444
2022-01-31,37920.28,38647.26,36733.57,38483.12,20734730465
2022-02-01,38481.77,39115.13,38113.66,38743.27,20288500328
2022-02-02,38743.71,38834.62,36832.73,36952.98,19155189416
2022-02-03,36944.8,37154.6,36375.54,37154.6,18591534769
2022-02-04,37149.27,41527.79,37093.63,41500.88,29412210792
2022-02-05,41501.48,41847.16,41038.1,41441.16,19652846215
2022-02-06,41441.12,42500.79,41244.91,42412.43,16142097334
2022-02-07,42406.78,44401.86,41748.16,43840.29,28641855926
2022-02-08,43854.65,45293.87,42807.84,44118.45,33079398868
2022-02-09,44096.7,44727.8,43232.97,44338.8,23245887300
2022-02-10,44347.8,45661.17,43402.81,43565.11,32142048537
2022-02-11,43571.13,43810.83,42114.54,42407.94,26954925781
2022-02-12,42412.3,42992.55,41852.57,42244.47,18152390304
2022-02-13,42236.57,42693.05,41950.94,42197.52,14741589015
2022-02-14,42157.4,42775.78,41681.96,42586.92,20827783012
2022-02-15,42586.46,44667.22,42491.04,44575.2,22721659051
2022-02-16,44578.28,44578.28,43456.69,43961.86,19792547657
2022-02-17,43937.07,44132.97,40249.37,40538.01,26246662813
2022-02-18,40552.13,40929.15,39637.62,40030.98,23310007704
2022-02-19,40026.02,40418.88,39713.06,40122.16,13736557863
2022-02-20,40118.1,40119.89,38112.81,38431.38,18340576452
2022-02-21,38423.21,39394.44,36950.48,37075.28,29280402798
2022-02-22,37068.77,38359.86,36488.93,38286.03,25493150450
2022-02-23,38285.28,39122.39,37201.82,37296.57,21849073843
2022-02-24,37278.57,38968.84,34459.22,38332.61,46383802093
2022-02-25,38333.75,39630.32,38111.34,39214.22,26545599159
2022-02-26,39213.08,40005.35,38702.54,39105.15,17467554129
2022-02-27,39098.7,39778.94,37268.98,37709.79,23450127612
2022-02-28,37706.0,43760.46,37518.21,43193.23,35690014104
2022-03-01,43194.5,44793.6,42952.59,44354.64,32479047645
2022-03-02,44357.62,45077.58,43432.85,43924.12,29183112630
2022-03-03,43925.2,44021.58,41914.75,42451.79,24967782593
2022-03-04,42458.14,42479.61,38805.85,39137.61,28516271427
2022-03-05,39148.45,39566.34,38777.04,39400.59,16975917450
2022-03-06,39404.2,39640.18,38211.65,38419.98,19745229902
2022-03-07,38429.3,39430.23,37260.2,38062.04,28546143503
2022-03-08,38059.9,39304.44,37957.39,38737.27,25776583476
2022-03-09,38742.82,42465.67,38706.09,41982.93,32284121034
2022-03-10,41974.07,42004.73,38832.94,39437.46,31078064711
2022-03-11,39439.97,40081.68,38347.43,38794.97,26364890465
2022-03-12,38794.46,39308.6,38772.54,38904.01,14616450657
2022-03-13,38884.73,39209.35,37728.14,37849.66,17300745310
2022-03-14,37846.32,39742.5,37680.73,39666.75,24322159070
2022-03-15,39664.25,39794.63,38310.21,39338.79,23934000868
2022-03-16,39335.57,41465.45,39022.35,41143.93,39616916192
2022-03-17,41140.84,41287.54,40662.87,40951.38,22009601093
2022-03-18,40944.84,42195.75,40302.4,41801.16,34421564942
2022-03-19,41794.65,42316.55,41602.67,42190.65,19664853187
2022-03-20,42191.41,42241.16,41004.76,41247.82,20127946682
2022-03-21,41246.13,41454.41,40668.04,41078.0,24615543271
2022-03-22,41074.11,43124.71,40948.28,42358.81,32004652376
2022-03-23,42364.38,42893.51,41877.51,42892.96,25242943069
2022-03-24,42886.65,44131.86,42726.16,43960.93,31042992291
2022-03-25,43964.55,44999.49,43706.29,44348.73,30574413034
2022-03-26,44349.86,44736.0,44166.27,44500.83,16950455995
2022-03-27,44505.36,46827.55,44437.29,46820.49,28160889722
2022-03-28,46821.85,48086.84,46690.2,47128.0,36362175703
2022-03-29,47100.44,48022.29,47100.44,47465.73,31397059069
2022-03-30,47456.9,47655.15,46746.21,47062.66,29333883962
2022-03-31,47062.15,47512.03,45390.54,45538.68,33327427106
2022-04-01,45554.16,46616.24,44403.14,46281.64,38162644287
2022-04-02,46285.5,47028.28,45782.51,45868.95,29336594194
2022-04-03,45859.13,47313.48,45634.11,46453.57,25414397610
2022-04-04,46445.27,46791.09,45235.82,46622.68,32499785455
2022-04-05,46624.51,47106.14,45544.81,45555.99,29640604055
2022-04-06,45544.36,45544.36,43193.95,43206.74,39393395788
2022-04-07,43207.5,43860.7,42899.91,43503.85,26101973106
2022-04-08,43505.14,43903.02,42183.29,42287.66,27215995394
2022-04-09,42282.08,42786.82,42183.25,42782.14,16050772496
2022-04-10,42781.09,43376.38,42021.21,42207.67,17654475582
2022-04-11,42201.04,42424.59,39373.06,39521.9,33949912166
2022-04-12,39533.71,40617.59,39388.33,40127.18,30991500854
2022-04-13,40123.57,41430.05,39712.75,41166.73,27691105228
2022-04-14,41160.22,41451.48,39695.75,39935.52,24342001973
2022-04-15,39939.4,40617.72,39866.83,40553.46,21756855753
2022-04-16,40552.32,40633.68,40078.43,40424.48,16833150693
2022-04-17,40417.78,40570.73,39620.89,39716.95,19087633042
2022-04-18,39721.2,40986.32,38696.19,40826.21,33705182072
2022-04-19,40828.18,41672.96,40618.63,41502.75,25303206547
2022-04-20,41501.75,42126.3,40961.1,41374.38,27819532341
2022-04-21,41371.52,42893.58,40063.83,40527.36,35372786395
2022-04-22,40525.86,40777.76,39315.42,39740.32,28011716745
2022-04-23,39738.72,39935.86,39352.2,39486.73,16138021249
2022-04-24,39478.38,39845.93,39233.54,39469.29,17964398167
2022-04-25,39472.61,40491.75,38338.38,40458.31,35445730570
2022-04-26,40448.42,40713.89,37884.98,38117.46,34569088416
2022-04-27,38120.3,39397.92,37997.31,39241.12,30981015184
2022-04-28,39241.43,40269.46,38941.42,39773.83,33903704907
2022-04-29,39768.62,39887.27,38235.54,38609.82,30882994649
2022-04-30,38605.86,38771.21,37697.94,37714.88,23895713731
2022-05-01,37713.27,38627.86,37585.79,38469.09,27002760110
2022-05-02,38472.19,39074.97,38156.56,38529.33,32922642426
2022-05-03,38528.11,38630.0,37585.62,37750.45,27326943244
2022-05-04,37748.01,39902.95,37732.06,39698.37,36754404490
2022-05-05,39695.75,39789.28,35856.52,36575.14,43106256317
2022-05-06,36573.18,36624.36,35482.13,36040.92,37795577489
2022-05-07,36042.5,36129.93,34940.82,35501.95,24375896406
2022-05-08,35502.94,35502.94,33878.96,34059.27,36763041910
2022-05-09,34060.02,34222.07,30296.95,30296.95,63355494961
2022-05-10,30273.65,32596.31,29944.8,31022.91,59811038817
2022-05-11,31016.18,32013.4,28170.41,28936.36,70388855818
2022-05-12,28936.73,30032.44,26350.49,29047.75,66989173272
2022-05-13,29030.91,30924.8,28782.33,29283.1,42841124537
2022-05-14,29285.64,30192.8,28702.91,30101.27,28579868620
2022-05-15,30098.59,31308.19,29527.74,31305.11,25835372065
2022-05-16,31304.38,31305.34,29251.88,29862.92,32613897286
2022-05-17,29862.41,30694.49,29570.3,30425.86,29101473475
2022-05-18,30424.48,30618.72,28720.27,28720.27,31285268319
2022-05-19,28720.36,30430.75,28708.96,30314.33,33773447707
2022-05-20,30311.12,30664.98,28793.61,29200.74,30749382605
2022-05-21,29199.86,29588.87,29027.39,29432.23,17274840442
2022-05-22,29432.47,30425.86,29275.18,30323.72,21631532270
2022-05-23,30309.4,30590.59,28975.56,29098.91,31483454557
2022-05-24,29101.12,29774.36,28786.59,29655.59,26616506245
2022-05-25,29653.13,30157.79,29384.95,29562.36,27525063551
2022-05-26,29564.78,29834.16,28261.91,29267.22,36774325352
2022-05-27,29251.14,29346.94,28326.61,28627.57,36582005748
2022-05-28,28622.62,28814.9,28554.57,28814.9,35519577634
2022-05-29,29019.87,29498.01,28841.11,29445.96,18093886409
2022-05-30,29443.37,31949.63,29303.57,31726.39,39277993274
2022-05-31,31723.87,32249.86,31286.15,31792.31,33538210634
2022-06-01,31792.55,31957.29,29501.59,29799.08,41135817341
2022-06-02,29794.89,30604.73,29652.71,30467.49,29083562061
2022-06-03,30467.81,30633.04,29375.69,29704.39,26175547452
2022-06-04,29706.14,29930.56,29500.01,29832.91,16588370958
2022-06-05,29835.12,30117.74,29574.45,29906.66,17264085441
2022-06-06,29910.28,31693.29,29894.19,31370.67,31947336829
2022-06-07,31371.74,31489.68,29311.68,31155.48,40770974039
2022-06-08,31151.48,31253.69,29944.4,30214.36,30242059107
2022-06-09,30215.28,30609.31,30020.27,30112.0,21692004719
2022-06-10,30110.33,30245.81,28978.15,29083.8,29867476527
2022-06-11,29084.67,29401.92,28236.21,28360.81,27246574439
2022-06-12,28373.51,28502.69,26762.65,26762.65,34163220274
2022-06-13,26737.58,26795.59,22141.26,22487.39,68204556440
2022-06-14,22487.99,23018.95,20950.82,22206.79,50913575242
2022-06-15,22196.73,22642.67,20178.38,22572.84,54912007015
2022-06-16,22576.3,22868.92,20265.23,20381.65,31183975654
2022-06-17,20385.72,21243.31,20326.52,20471.48,27132421514
2022-06-18,20473.43,20736.04,17708.62,19017.64,42009436760
2022-06-19,19010.9,20683.82,18067.15,20553.27,35329942625
2022-06-20,20553.37,20913.32,19689.17,20599.54,30818458597
2022-06-21,20594.29,21620.63,20415.06,20710.6,28970212744
2022-06-22,20719.41,20835.75,19848.08,19987.03,28574793478
2022-06-23,19986.61,21135.76,19950.12,21085.88,26188097173
2022-06-24,21084.65,21472.92,20777.51,21231.66,24957784918
2022-06-25,21233.61,21520.91,20964.59,21502.34,18372538715
2022-06-26,21496.49,21783.72,21016.27,21027.29,18027170497
2022-06-27,21028.24,21478.09,20620.2,20735.48,20965695707
2022-06-28,20731.54,21164.42,20228.81,20280.63,21381535161
2022-06-29,20281.17,20364.16,19937.79,20104.02,23552740328
2022-06-30,20108.31,20141.16,18729.66,19784.73,26267239923
2022-07-01,19820.47,20632.67,19073.71,19269.37,30767551159
2022-07-02,19274.84,19371.75,19027.08,19242.26,18100418740
2022-07-03,19242.1,19558.27,18966.95,19297.08,16390821947
2022-07-04,19297.31,20258.75,19063.07,20231.26,21594638208
2022-07-05,20225.35,20635.47,19341.23,20190.12,26715546990
2022-07-06,20194.62,20595.53,19823.51,20548.25,24598943708
2022-07-07,20547.81,21771.82,20296.1,21637.59,25814972520
2022-07-08,21637.15,22314.94,21257.45,21731.12,49899834488
2022-07-09,21716.83,21877.14,21445.96,21592.21,29641127858
2022-07-10,21591.08,21591.08,20727.12,20860.45,28688807249
2022-07-11,20856.35,20856.35,19924.54,19970.56,24150249025
2022-07-12,19970.47,20043.45,19308.53,19323.91,25810220018
2022-07-13,19325.97,20223.05,18999.95,20212.07,33042430345
2022-07-14,20211.47,20789.89,19689.26,20569.92,31158743333
2022-07-15,20573.16,21138.24,20397.0,20836.33,25905575359
2022-07-16,20834.1,21514.4,20518.9,21190.32,24302954056
2022-07-17,21195.04,21600.64,20778.18,20779.34,22927802083
2022-07-18,20781.91,22633.03,20781.91,22485.69,39974475562
2022-07-19,22467.85,23666.96,21683.41,23389.43,48765202697
2022-07-20,23393.19,24196.82,23009.95,23231.73,42932549127
2022-07-21,23233.2,23388.32,22431.15,23164.63,33631012204
2022-07-22,23163.75,23671.93,22603.42,22714.98,31421555646
2022-07-23,22706.98,22977.21,22002.91,22465.48,24021799169
2022-07-24,22465.51,22974.0,22306.84,22609.16,23565495303
2022-07-25,22607.16,22649.12,21361.64,21361.7,35574561406
2022-07-26,21361.12,21361.12,20776.82,21239.75,28624673855
2022-07-27,21244.17,22986.53,21070.81,22930.55,31758955233
2022-07-28,22933.64,24110.47,22722.27,23843.89,40212386158
2022-07-29,23845.21,24294.79,23481.17,23804.63,35887249746
2022-07-30,23796.82,24572.58,23580.51,23656.21,28148218301
2022-07-31,23652.07,24121.64,23275.7,23336.9,23553591896
2022-08-01,23336.72,23464.79,22890.8,23314.2,25849159141
2022-08-02,23308.43,23415.04,22710.08,22978.12,28389250717
2022-08-03,22981.3,23578.65,22747.84,22846.51,26288169966
2022-08-04,22848.21,23198.01,22485.7,22630.96,25120229769
2022-08-05,22626.83,23422.83,22612.18,23289.31,28881249043
2022-08-06,23291.42,23326.56,22961.28,22961.28,15978259885
2022-08-07,22963.51,23359.01,22894.56,23175.89,15886817043
2022-08-08,23179.53,24203.69,23176.55,23809.49,28575544847
2022-08-09,23811.48,23898.62,22982.0,23164.32,23555719219
2022-08-10,23162.9,24127.41,22771.52,23947.64,32837431722
2022-08-11,23948.35,24822.63,23901.0,23957.53,37127036580
2022-08-12,23957.2,24412.57,23657.27,24402.82,27265804688
2022-08-13,24402.19,24860.05,24346.12,24424.07,22987346289
2022-08-14,24429.06,24974.91,24206.26,24319.33,22994133555
2022-08-15,24318.32,25135.59,23839.78,24136.97,35123501685
2022-08-16,24126.14,24228.42,23733.5,23883.29,27753685646
2022-08-17,23881.32,24407.06,23243.35,23336.0,30931623076
2022-08-18,23341.04,23563.83,23177.6,23212.74,23747613147
2022-08-19,23213.31,23213.31,20868.85,20877.55,40509610260
2022-08-20,20872.84,21350.81,20856.73,21166.06,27595671000
2022-08-21,21160.39,21668.85,21103.2,21534.12,23102307723
2022-08-22,21531.46,21531.46,20939.18,21398.91,31666498758
2022-08-23,21401.04,21646.2,20955.14,21528.09,31878280659
2022-08-24,21526.46,21783.08,21195.01,21395.02,31962253368
2022-08-25,21395.46,21789.64,21362.44,21600.9,31028679593
2022-08-26,21596.09,21804.91,20199.48,20260.02,42326789564
2022-08-27,20262.48,20340.78,19890.52,20041.74,30116729776
2022-08-28,20041.04,20139.05,19616.81,19616.81,24366810591
2022-08-29,19615.15,20357.46,19600.79,20297.99,32637854078
2022-08-30,20298.61,20542.64,19617.64,19796.81,34483360283
2022-08-31,19799.58,20420.99,19799.58,20049.76,33225232872
2022-09-01,20050.5,20198.39,19653.97,20127.14,30182031010
2022-09-02,20126.07,20401.57,19814.77,19969.77,29123998928
2022-09-03,19969.72,20037.01,19698.36,19832.09,23613051457
2022-09-04,19832.47,19999.69,19636.82,19986.71,25245861652
2022-09-05,19988.79,20031.16,19673.05,19812.37,28813460025
2022-09-06,19817.72,20155.27,18800.17,18837.67,43403978910
2022-09-07,18837.68,19427.17,18644.47,19290.32,35239757134
2022-09-08,19289.94,19417.35,19076.71,19329.83,32194477850
2022-09-09,19328.14,21439.41,19310.96,21381.15,48469528171
2022-09-10,21376.91,21760.28,21168.72,21680.54,36913738894
2022-09-11,21678.54,21770.55,21406.95,21769.26,34493951963
2022-09-12,21770.15,22439.18,21603.9,22370.45,50212088965
2022-09-13,22371.48,22673.82,20062.67,20296.71,51091116622
2022-09-14,20184.55,20467.2,19793.4,20241.09,37872380889
2022-09-15,20242.29,20318.17,19636.73,19701.21,36389011503
2022-09-16,19704.01,19870.63,19400.08,19772.58,30123362273
2022-09-17,19777.03,20162.53,19777.03,20127.58,24957448100
2022-09-18,20127.23,20127.23,19387.49,19419.51,31254779144
2022-09-19,19418.57,19639.48,18390.32,19544.13,40177002624
2022-09-20,19545.59,19602.46,18813.46,18890.79,36791346508
2022-09-21,18891.28,19674.63,18290.31,18547.4,46363793975
2022-09-22,18534.65,19456.91,18415.59,19413.55,41135767926
2022-09-23,19412.4,19464.67,18617.55,19297.64,38896078052
2022-09-24,19296.99,19310.2,18861.97,18937.01,26149643168
2022-09-25,18936.31,19134.73,18696.47,18802.1,23359966112
2022-09-26,18803.9,19274.87,18721.29,19222.67,44148798321
2022-09-27,19221.84,20338.46,18915.67,19110.55,58571439619
2022-09-28,19104.62,19688.34,18553.3,19426.72,53071298734
2022-09-29,19427.78,19589.27,18924.35,19573.05,41037843771
2022-09-30,19573.43,20109.85,19265.66,19431.79,43975248085
2022-10-01,19431.11,19471.15,19231.08,19312.1,18719537670
2022-10-02,19311.85,19370.31,18970.62,19044.11,20765955327
2022-10-03,19044.07,19653.54,19025.23,19623.58,30484729489
2022-10-04,19623.58,20380.34,19523.84,20336.84,35887278685
2022-10-05,20335.9,20343.75,19801.8,20160.72,33223790572
2022-10-06,20161.04,20408.39,19900.09,19955.44,34711412966
2022-10-07,19957.56,20041.09,19395.79,19546.85,29227315390
2022-10-08,19546.33,19601.7,19299.41,19416.57,16437423167
2022-10-09,19417.48,19542.54,19349.26,19446.43,16837262532
2022-10-10,19446.42,19515.47,19102.98,19141.48,27425022774
2022-10-11,19139.0,19241.96,18925.6,19051.42,28711532910
2022-10-12,19052.65,19203.2,19029.76,19157.45,24950173846
2022-10-13,19156.97,19453.33,18319.82,19382.9,44219840004
2022-10-14,19382.53,19889.15,19115.41,19185.66,38452356727
2022-10-15,19185.44,19212.54,19019.25,19067.63,16192235532
2022-10-16,19068.91,19389.6,19068.91,19268.09,17988916650
2022-10-17,19268.56,19635.8,19173.33,19550.76,27472552998
2022-10-18,19550.47,19666.99,19144.77,19334.42,30580012344
2022-10-19,19335.03,19348.42,19127.69,19139.54,22425387184
2022-10-20,19138.09,19315.2,18971.46,19053.74,24493974420
2022-10-21,19053.2,19237.38,18770.97,19172.47,32459287866
2022-10-22,19172.38,19248.07,19132.24,19208.19,16104440957
2022-10-23,19207.73,19646.65,19124.2,19567.01,22128794335
2022-10-24,19567.77,19589.12,19206.32,19345.57,30202235805
2022-10-25,19344.96,20348.41,19261.45,20095.86,47761524910
2022-10-26,20092.24,20938.13,20076.12,20770.44,58895950537
2022-10-27,20772.8,20854.04,20255.37,20285.84,49625110402
2022-10-28,20287.96,20724.98,20086.07,20595.35,43994715910
2022-10-29,20595.1,20988.39,20566.48,20818.48,40369840645
2022-10-30,20817.98,20917.01,20547.46,20635.6,31486345556
2022-10-31,20633.7,20795.32,20287.46,20495.77,45668466815
2022-11-01,20494.9,20647.29,20359.85,20485.27,39819303159
2022-11-02,20482.96,20742.81,20087.13,20159.5,55552169483
2022-11-03,20162.69,20382.1,20086.24,20209.99,43228750179
2022-11-04,20208.77,21209.56,20188.02,21147.23,64072727950
2022-11-05,21144.83,21446.89,21097.63,21282.69,37846047609
2022-11-06,21285.06,21345.38,20920.19,20926.49,35082693210
2022-11-07,20924.62,21053.25,20489.97,20602.82,53510852236
2022-11-08,20600.67,20664.61,17603.54,18541.27,118992465607
2022-11-09,18543.76,18590.46,15682.69,15880.78,102905151606
2022-11-10,15883.16,18054.31,15834.02,17586.77,83202283721
2022-11-11,17583.25,17650.94,16543.48,17034.29,55871616488
2022-11-12,17036.88,17066.68,16651.78,16799.19,29717699419
2022-11-13,16799.72,16920.77,16320.63,16353.37,27209183682
2022-11-14,16352.03,17109.32,15872.94,16618.2,49630243054
2022-11-15,16617.48,17051.96,16542.55,16884.61,36599436183
2022-11-16,16884.34,16960.29,16430.11,16669.44,33925512989
2022-11-17,16670.43,16726.44,16460.68,16687.52,27868914022
2022-11-18,16687.91,16947.06,16564.61,16697.78,26862218609
2022-11-19,16696.22,16797.88,16570.41,16711.55,16106223492
2022-11-20,16712.92,16746.78,16248.69,16291.83,21313378652
2022-11-21,16291.22,16291.22,15599.05,15787.28,37429485518
2022-11-22,15782.3,16253.05,15656.61,16189.77,30726828760
2022-11-23,16195.59,16638.19,16170.5,16610.71,32958875628
2022-11-24,16611.64,16771.47,16501.77,16604.46,26129037414
2022-11-25,16602.27,16603.32,16388.4,16521.84,18678255976
2022-11-26,16521.58,16666.86,16416.23,16464.28,18000008764
2022-11-27,16463.88,16594.41,16437.03,16444.63,20443898509
2022-11-28,16440.22,16482.93,16054.53,16217.32,27743025156
2022-11-29,16217.64,16522.26,16139.4,16444.98,23581685468
2022-11-30,16445.48,17190.94,16445.48,17168.57,29523576583
2022-12-01,17168.0,17197.5,16888.39,16967.13,22895392882
2022-12-02,16968.68,17088.66,16877.88,17088.66,19539705127
2022-12-03,17090.1,17116.04,16888.14,16908.24,16217776704
2022-12-04,16908.17,17157.77,16903.44,17130.49,16824520830
2022-12-05,17128.89,17378.15,16922.43,16974.83,22209086834
2022-12-06,16975.24,17091.86,16939.92,17089.5,19889922369
2022-12-07,17089.51,17109.38,16750.56,16848.13,19675404389
2022-12-08,16847.35,17267.92,16788.78,17233.47,20496603770
2022-12-09,17232.15,17280.55,17100.84,17133.15,20328426366
2022-12-10,17134.22,17216.83,17120.68,17128.72,12706781969
2022-12-11,17129.71,17245.63,17091.82,17104.19,14122486832
2022-12-12,17102.5,17212.56,16899.39,17206.44,19617581341
2022-12-13,17206.44,17930.09,17111.76,17781.32,26634741631
2022-12-14,17782.07,18318.53,17739.51,17815.65,25534481470
2022-12-15,17813.64,17846.74,17322.59,17364.87,20964448341
2022-12-16,17364.55,17505.53,16584.7,16647.48,24031608960
2022-12-17,16646.98,16800.59,16614.03,16795.09,14463581825
2022-12-18,16795.61,16815.39,16697.82,16757.98,10924354698
2022-12-19,16759.04,16807.53,16398.14,16439.68,17221074814
2022-12-20,16441.79,17012.98,16427.87,16906.3,22722096615
2022-12-21,16904.53,16916.8,16755.91,16817.54,14882945045
2022-12-22,16818.38,16866.67,16592.41,16830.34,16441573050
2022-12-23,16829.64,16905.22,16794.46,16796.95,15329265213
2022-12-24,16796.98,16864.7,16793.53,16847.76,9744636213
2022-12-25,16847.51,16860.55,16755.25,16841.99,11656379938
2022-12-26,16842.25,16920.12,16812.37,16919.8,11886957804
2022-12-27,16919.29,16959.85,16642.07,16717.17,15748580239
2022-12-28,16716.4,16768.17,16497.56,16552.57,17005713920
2022-12-29,16552.32,16651.76,16508.68,16642.34,14472237479
2022-12-30,16641.33,16643.43,16408.47,16602.59,15929162910
2022-12-31,16603.67,16628.99,16517.52,16547.5,11239186456
2023-01-01,16547.91,16630.44,16521.23,16625.08,9244361700
2023-01-02,16625.51,16759.34,16572.23,16688.47,12097775227
2023-01-03,16688.85,16760.45,16622.37,16679.86,13903079207
2023-01-04,16680.21,16964.59,16667.76,16863.24,18421743322
2023-01-05,16863.47,16884.02,16790.28,16836.74,13692758566
2023-01-06,16836.47,16991.99,16716.42,16951.97,14413662913
2023-01-07,16952.12,16975.02,16914.19,16955.08,7714767174
2023-01-08,16954.15,17091.14,16924.05,17091.14,9768827914
2023-01-09,17093.99,17389.96,17093.99,17196.55,18624736866
2023-01-10,17192.95,17484.72,17162.99,17446.29,15808338949
2023-01-11,17446.36,17934.9,17337.99,17934.9,18372283782
2023-01-12,18117.59,19030.09,17995.2,18869.59,34971338710
2023-01-13,18868.91,19964.32,18753.16,19909.57,29225029694
2023-01-14,19910.54,21075.14,19907.83,20976.3,38967784639
2023-01-15,20977.48,20993.75,20606.99,20880.8,19298407543
2023-01-16,20882.22,21360.88,20715.75,21169.63,26792494050
2023-01-17,21175.83,21438.66,20978.53,21161.52,24999983362
2023-01-18,21161.05,21564.5,20541.54,20688.78,30005625418
2023-01-19,20686.75,21163.01,20685.38,21086.79,21152848261
2023-01-20,21085.37,22692.36,20919.13,22676.55,28799154319
2023-01-21,22677.43,23282.35,22511.83,22777.62,32442278429
2023-01-22,22777.99,23056.73,22387.9,22720.42,24746386230
2023-01-23,22721.09,23126.49,22654.3,22934.43,26518700512
2023-01-24,22929.63,23134.01,22549.74,22636.47,26405069715
2023-01-25,22639.27,23722.1,22406.08,23117.86,30685366709
2023-01-26,23108.96,23237.08,22911.37,23032.78,26357839322
2023-01-27,23030.72,23417.72,22654.59,23078.73,25383335641
2023-01-28,23079.96,23165.9,22908.85,23031.09,14712928379
2023-01-29,23031.45,23919.89,22985.07,23774.57,27423687259
2023-01-30,23774.65,23789.35,22657.58,22840.14,27205595568
2023-01-31,22840.8,23225.02,22765.57,23139.28,22837828665
2023-02-01,23137.84,23764.54,22877.75,23723.77,26683255504
2023-02-02,23720.82,24167.21,23468.6,23471.87,32066936882
2023-02-03,23469.41,23678.1,23279.96,23449.32,27083066007
2023-02-04,23446.32,23556.95,23291.79,23331.85,15639298538
2023-02-05,23332.25,23423.44,22841.76,22955.67,19564262605
2023-02-06,22954.02,23119.28,22692.03,22760.11,23825006542
2023-02-07,22757.27,23310.97,22756.26,23264.29,27187964471
2023-02-08,23263.42,23367.96,22731.1,22939.4,25371367758
2023-02-09,22946.57,22996.44,21773.97,21819.04,32572572185
2023-02-10,21819.01,21941.19,21539.39,21651.18,27078406594
2023-02-11,21651.84,21891.41,21618.45,21870.88,16356226232
2023-02-12,21870.9,22060.99,21682.83,21788.2,17821046406
2023-02-13,21787.0,21898.41,21460.09,21808.1,23918742607
2023-02-14,21801.82,22293.14,21632.39,22220.8,26792596581
2023-02-15,22220.59,24307.84,22082.77,24307.84,32483312909
2023-02-16,24307.35,25134.12,23602.52,23623.47,39316664596
2023-02-17,23621.28,24924.04,23460.76,24565.6,41358451255
2023-02-18,24565.3,24798.84,24468.37,24641.28,19625427158
2023-02-19,24640.03,25093.05,24327.64,24327.64,25555105670
2023-02-20,24336.62,25020.46,23927.91,24829.15,28987376573
2023-02-21,24833.05,25126.85,24200.36,24436.35,31252098714
2023-02-22,24437.42,24472.34,23644.32,24188.84,30199996781
2023-02-23,24190.72,24572.09,23693.92,23947.49,30476264066
2023-02-24,23946.01,24103.71,23007.07,23198.13,26811744928
2023-02-25,23200.12,23210.21,22861.56,23175.38,16100721565
2023-02-26,23174.15,23654.37,23084.22,23561.21,16644534842
2023-02-27,23561.45,23857.89,23205.88,23522.87,22660763494
2023-02-28,23521.84,23585.38,23077.65,23147.35,20535363434
2023-03-01,23150.93,23880.63,23088.63,23646.55,24662841200
2023-03-02,23647.02,23739.14,23245.02,23475.47,20386398516
2023-03-03,23476.63,23479.35,22213.24,22362.68,26062404610
2023-03-04,22362.92,22405.18,22198.98,22353.35,11166012913
2023-03-05,22354.14,22613.69,22307.14,22435.51,13317001733
2023-03-06,22436.82,22584.29,22331.31,22429.76,17353192895
2023-03-07,22428.32,22527.42,22011.26,22219.77,22765452204
2023-03-08,22216.44,22268.9,21708.05,21718.08,22536575684
2023-03-09,21720.08,21802.72,20210.31,20363.02,30364664171
2023-03-10,20367.0,20370.6,19628.25,20187.24,39578257695
2023-03-11,20187.88,20792.53,20068.66,20632.41,30180288176
2023-03-12,20628.03,22185.03,20448.81,22163.95,29279035521
2023-03-13,22156.41,24550.84,21918.2,24197.53,49466362688
2023-03-14,24201.77,26514.72,24081.18,24746.07,54622230164
2023-03-15,24770.93,25240.62,23964.91,24375.96,43655701450
2023-03-16,24373.46,25190.33,24225.11,25052.79,33866061747
2023-03-17,25055.12,27787.81,24955.17,27423.93,50730261335
2023-03-18,27448.12,27725.95,26636.26,26965.88,35723036817
2023-03-19,26969.5,28440.56,26907.72,28038.68,37769448859
2023-03-20,28041.6,28527.72,27242.88,27767.24,44774027664
2023-03-21,27768.39,28439.56,27439.65,28175.82,36102192830
2023-03-22,28158.72,28803.34,26760.0,27307.44,33382021890
2023-03-23,27301.96,28729.84,27183.36,28333.97,24220433689
2023-03-24,28324.11,28388.44,27039.27,27493.29,25980310960
2023-03-25,27487.34,27791.83,27196.23,27494.71,13383005987
2023-03-26,27495.52,28178.14,27445.05,27994.33,13878363192
2023-03-27,27994.07,28037.93,26606.69,27139.89,18188895178
2023-03-28,27132.89,27460.72,26677.82,27268.13,17783600385
2023-03-29,27267.03,28619.54,27259.66,28348.44,20684945906
2023-03-30,28350.14,29159.9,27720.16,28033.56,22435349951
2023-03-31,28032.26,28639.9,27583.71,28478.48,19001327598
2023-04-01,28473.33,28802.46,28297.17,28411.04,10876469901
2023-04-02,28462.85,28518.96,27884.09,28199.31,12284641999
2023-04-03,28183.08,28475.62,27276.72,27790.22,19556501327
2023-04-04,27795.27,28433.74,27681.3,28168.09,15284538859
2023-04-05,28169.73,28739.24,27843.76,28177.98,17052315986
2023-04-06,28175.23,28178.38,27738.76,28044.14,13837809380
2023-04-07,28038.97,28111.59,27794.03,27925.86,10861680497
2023-04-08,27920.51,28159.86,27883.39,27947.79,9373255556
2023-04-09,27952.37,28532.83,27828.48,28333.05,12175322951
2023-04-10,28336.03,29771.46,28189.27,29652.98,19282400094
2023-04-11,29653.68,30509.08,29609.3,30235.06,20121259843
2023-04-12,30231.58,30462.48,29725.57,30139.05,18651929926
2023-04-13,29892.74,30539.85,29878.62,30399.07,17487721001
2023-04-14,30409.56,31005.61,30044.5,30485.7,22659995079
2023-04-15,30490.75,30601.74,30245.88,30318.5,11940685378
2023-04-16,30315.98,30555.54,30157.83,30315.36,12854816417
2023-04-17,30317.15,30319.2,29275.37,29445.04,17872186762
2023-04-18,29449.09,30470.3,29154.85,30397.55,19480529496
2023-04-19,30394.19,30411.05,28669.9,28822.68,24571565421
2023-04-20,28823.68,29076.4,28037.26,28245.99,21340360360
2023-04-21,28249.23,28349.97,27177.37,27276.91,20759504330
2023-04-22,27265.89,27872.14,27169.57,27817.5,13125734602
2023-04-23,27816.14,27820.24,27400.31,27591.38,12785446832
2023-04-24,27591.73,27979.98,27070.85,27525.34,17703288330
2023-04-25,27514.87,28371.08,27207.93,28307.6,17733373139
2023-04-26,28300.06,29995.84,27324.55,28422.7,31854242019
2023-04-27,28428.46,29871.55,28402.89,29473.79,27153445027
2023-04-28,29481.01,29572.79,28929.61,29340.26,17544464887
2023-04-29,29336.57,29452.46,29088.04,29248.49,10662634333
2023-04-30,29245.52,29952.03,29114.02,29268.81,14652199272
2023-05-01,29227.1,29329.94,27680.79,28091.57,18655599976
2023-05-02,28087.18,28881.3,27924.12,28680.54,16432924527
2023-05-03,28680.49,29259.53,28178.39,29006.31,19122972518
2023-05-04,29031.3,29353.19,28694.04,28847.71,15548678514
2023-05-05,28851.48,29668.91,28845.51,29534.38,17936566518
2023-05-06,29538.86,29820.13,28468.97,28904.62,15913866714
2023-05-07,28901.62,29157.52,28441.37,28454.98,11301355486
2023-05-08,28450.46,28663.27,27310.13,27694.27,19122903752
2023-05-09,27695.07,27821.4,27375.6,27658.78,14128593256
2023-05-10,27654.64,28322.69,26883.67,27621.76,20656025026
2023-05-11,27621.09,27621.94,26781.83,27000.79,16724343943
2023-05-12,26987.66,27055.65,25878.43,26804.99,19313599897
2023-05-13,26807.77,27030.48,26710.87,26784.08,9999171605
2023-05-14,26788.97,27150.98,26661.36,26930.64,10014858959
2023-05-15,26931.38,27646.35,26766.1,27192.69,14413231792
2023-05-16,27171.51,27299.3,26878.95,27036.65,12732238816
2023-05-17,27035.47,27465.93,26600.14,27398.8,15140006925
2023-05-18,27401.65,27466.53,26415.1,26832.21,15222938600
2023-05-19,26826.75,27128.62,26700.21,26890.13,11258983301
2023-05-20,26888.84,27155.16,26843.28,27129.59,7044911360
2023-05-21,27118.42,27265.92,26706.92,26753.83,8647416921
2023-05-22,26749.89,27045.73,26549.73,26851.28,11056770492
2023-05-23,26855.96,27434.68,26816.18,27225.73,13697203143
2023-05-24,27224.6,27224.6,26106.58,26334.82,16299104428
2023-05-25,26329.46,26591.52,25890.59,26476.21,13851122697
2023-05-26,26474.18,26916.67,26343.95,26719.29,12711619225
2023-05-27,26720.18,26888.88,26621.14,26868.35,7892015141
2023-05-28,26871.16,28193.45,26802.75,28085.65,14545229578
2023-05-29,28075.59,28432.04,27563.88,27745.88,15181308984
2023-05-30,27745.12,28044.76,27588.5,27702.35,13251081851
2023-05-31,27700.53,27831.68,26866.45,27219.66,15656371534
2023-06-01,27218.41,27346.11,26671.72,26819.97,14678970415
2023-06-02,26824.56,27303.86,26574.64,27249.59,14837415000
2023-06-03,27252.32,27317.05,26958.0,27075.13,8385597470
2023-06-04,27075.12,27407.02,26968.22,27119.07,9360912318
2023-06-05,27123.11,27129.98,25445.17,25760.1,21513292646
2023-06-06,25732.11,27313.82,25434.87,27238.78,21929670693
2023-06-07,27235.65,27332.18,26146.99,26346.0,19530045082
2023-06-08,26347.65,26797.51,26246.66,26508.22,11904824295
2023-06-09,26505.92,26770.29,26339.31,26480.38,11015551640
2023-06-10,26481.76,26531.04,25501.84,25851.24,19872933189
2023-06-11,25854.03,26203.44,25668.99,25940.17,10732609603
2023-06-12,25934.29,26087.92,25675.2,25902.5,11677889997
2023-06-13,25902.94,26376.35,25728.37,25918.73,14143474486
2023-06-14,25920.26,26041.8,24902.15,25124.68,14265717766
2023-06-15,25121.67,25735.31,24797.17,25576.39,15837384409
2023-06-16,25575.28,26463.17,25245.36,26327.46,16324646965
2023-06-17,26328.68,26769.39,26174.49,26510.68,11090276850
2023-06-18,26510.46,26675.93,26325.89,26336.21,9565695129
2023-06-19,26335.44,26984.61,26312.83,26851.03,12826986222
2023-06-20,26841.66,28388.97,26668.79,28327.49,22211859147
2023-06-21,28311.31,30737.33,28283.41,30027.3,33346760979
2023-06-22,29995.94,30496.0,29679.16,29912.28,20653160491
2023-06-23,29896.38,31389.54,29845.21,30695.47,24115570085
2023-06-24,30708.74,30804.15,30290.15,30548.7,12147822496
2023-06-25,30545.15,31041.27,30327.94,30480.26,12703464114
2023-06-26,30480.52,30636.03,29955.74,30271.13,16493186997
2023-06-27,30274.32,31006.79,30236.65,30688.16,16428827944
2023-06-28,30696.56,30703.28,29921.82,30086.25,14571500779
2023-06-29,30086.19,30796.25,30057.2,30445.35,13180860821
2023-06-30,30441.35,31256.86,29600.28,30477.25,26387306197
2023-07-01,30471.85,30641.29,30328.87,30590.08,9086606733
2023-07-02,30587.27,30766.14,30264.02,30620.77,10533418042
2023-07-03,30624.52,31375.61,30586.51,31156.44,15271884873
2023-07-04,31156.87,31325.2,30659.36,30777.58,12810828427
2023-07-05,30778.72,30877.33,30225.61,30514.17,12481622280
2023-07-06,30507.15,31460.05,29892.23,29909.34,21129219509
2023-07-07,29908.0,30434.64,29777.29,30342.27,13384770155
2023-07-08,30346.92,30374.44,30080.16,30292.54,7509378699
2023-07-09,30291.61,30427.59,30085.59,30171.23,7903327692
2023-07-10,30172.42,31026.08,29985.39,30414.47,14828209155
2023-07-11,30417.63,30788.31,30358.1,30620.95,12151839152
2023-07-12,30622.25,30959.96,30228.84,30391.65,14805659717
2023-07-13,30387.49,31814.52,30268.35,31476.05,23686079548
2023-07-14,31474.72,31582.25,29966.39,30334.07,20917902660
2023-07-15,30331.78,30407.78,30263.46,30295.81,8011667756
2023-07-16,30297.47,30437.56,30089.67,30249.13,8516564470
2023-07-17,30249.63,30336.4,29685.78,30145.89,13240156074
2023-07-18,30147.07,30233.66,29556.43,29856.56,13138897269
2023-07-19,29862.05,30184.18,29794.27,29913.92,12128602812
2023-07-20,29915.25,30195.53,29638.1,29792.02,14655207121
2023-07-21,29805.11,30046.0,29733.85,29908.74,10972789818
2023-07-22,29908.7,29991.62,29664.12,29771.8,7873300598
2023-07-23,29790.11,30330.64,29741.53,30084.54,9220145050
2023-07-24,30081.66,30093.39,28934.29,29176.92,15395817395
2023-07-25,29178.97,29353.16,29062.43,29227.39,10266772793
2023-07-26,29225.76,29675.55,29113.91,29354.97,13497554655
2023-07-27,29353.8,29560.97,29099.35,29210.69,10770779217
2023-07-28,29212.16,29521.51,29125.85,29319.25,11218474952
2023-07-29,29319.45,29396.84,29264.17,29356.92,6481775959
2023-07-30,29357.09,29443.17,29059.5,29275.31,8678454527
2023-07-31,29278.31,29489.87,29131.58,29230.11,11656781982
2023-08-01,29230.87,29675.73,28657.02,29675.73,18272392391
2023-08-02,29704.15,29988.0,28946.51,29151.96,19212655598
2023-08-03,29161.81,29375.71,28959.49,29178.68,12780357746
2023-08-04,29174.38,29302.08,28885.34,29074.09,12036639988
2023-08-05,29075.39,29102.46,28957.8,29042.13,6598366353
2023-08-06,29043.7,29160.82,28963.83,29041.86,7269806994
2023-08-07,29038.51,29244.28,28724.14,29180.58,13618163710
2023-08-08,29180.02,30176.8,29113.81,29765.49,17570561357
2023-08-09,29766.7,30093.44,29376.8,29561.49,18379521213
2023-08-10,29563.97,29688.56,29354.45,29429.59,11865344789
2023-08-11,29424.9,29517.77,29253.52,29397.71,10195168197
2023-08-12,29399.79,29465.11,29357.59,29415.96,6194358008
2023-08-13,29416.59,29441.43,29265.81,29282.91,7329897180
2023-08-14,29283.26,29660.25,29124.11,29408.44,14013695304
2023-08-15,29408.05,29439.12,29088.85,29170.35,12640195779
2023-08-16,29169.07,29221.98,28701.78,28701.78,14949271904
2023-08-17,28699.8,28745.95,25409.11,26664.55,31120851211
2023-08-18,26636.08,26808.2,25668.92,26049.56,24026236529
2023-08-19,26047.83,26249.45,25802.41,26096.21,10631443812
2023-08-20,26096.86,26260.68,26004.31,26189.58,9036580420
2023-08-21,26188.69,26220.2,25846.09,26124.14,13371557893
2023-08-22,26130.75,26135.51,25520.73,26031.66,14503820706
2023-08-23,26040.47,26786.9,25805.0,26431.64,16985265785
2023-08-24,26431.52,26554.91,25914.93,26162.37,12871532023
2023-08-25,26163.68,26248.1,25786.81,26047.67,12406045118
2023-08-26,26047.23,26107.38,25983.88,26008.46,6034817316
2023-08-27,26008.24,26165.37,25965.1,26089.69,6913768611
2023-08-28,26089.62,26198.58,25880.6,26106.15,11002805166
2023-08-29,26102.49,28089.34,25912.63,27727.39,29368391712
2023-08-30,27726.08,27760.16,27069.21,27297.27,16343655235
2023-08-31,27301.93,27456.08,25752.93,25931.47,20181001451
2023-09-01,25934.02,26125.87,25362.61,25800.72,17202862221
2023-09-02,25800.91,25970.29,25753.09,25868.8,10100387473
2023-09-03,25869.47,26087.15,25817.03,25969.57,8962524523
2023-09-04,25968.17,26081.53,25657.03,25812.42,10680635106
2023-09-05,25814.96,25858.38,25589.99,25779.98,11094740040
2023-09-06,25783.93,25953.02,25404.36,25753.24,12752705327
2023-09-07,25748.31,26409.3,25608.2,26240.2,11088307100
2023-09-08,26245.21,26414.01,25677.48,25905.65,10817356400
2023-09-09,25905.43,25921.98,25810.49,25895.68,5481314132
2023-09-10,25895.21,25978.13,25640.26,25832.23,7899553047
2023-09-11,25831.71,25883.95,24930.3,25162.65,14600006467
2023-09-12,25160.66,26451.94,25133.08,25833.34,18657279324
2023-09-13,25837.55,26376.11,25781.12,26228.32,13072077070
2023-09-14,26228.28,26774.62,26171.45,26539.67,13811359124
2023-09-15,26533.82,26840.5,26240.7,26608.69,11479735788
2023-09-16,26606.2,26754.77,26473.89,26568.28,7402031417
2023-09-17,26567.93,26618.0,26445.07,26534.19,6774210670
2023-09-18,26532.99,27414.73,26415.52,26754.28,15615339655
2023-09-19,26760.85,27488.76,26681.61,27211.12,13807690550
2023-09-20,27210.23,27379.51,26864.08,27132.01,13281116604
2023-09-21,27129.84,27152.94,26389.3,26567.63,13371443708
2023-09-22,26564.06,26726.08,26495.53,26579.57,10578746709
2023-09-23,26578.56,26634.19,26520.52,26579.39,7404700301
2023-09-24,26579.37,26716.06,26221.05,26256.83,8192867686
2023-09-25,26253.78,26421.51,26011.47,26298.48,11997833257
2023-09-26,26294.76,26389.88,26090.71,26217.25,9985498161
2023-09-27,26209.5,26817.84,26111.46,26352.72,11718380997
2023-09-28,26355.81,27259.5,26327.32,27021.55,14079002707
2023-09-29,27024.84,27225.94,26721.76,26911.72,10396435377
2023-09-30,26911.69,27091.79,26888.97,26967.92,5331172801
2023-10-01,26967.4,28047.24,26965.09,27983.75,9503917434
2023-10-02,27976.8,28494.46,27347.79,27530.79,19793041322
2023-10-03,27508.25,27667.19,27216.0,27429.98,11407814187
2023-10-04,27429.07,27826.66,27248.11,27799.39,11143355314
2023-10-05,27798.65,28091.86,27375.6,27415.91,11877253670
2023-10-06,27412.12,28252.54,27215.55,27946.6,13492391599
2023-10-07,27946.78,28028.09,27870.42,27968.84,6553044316
2023-10-08,27971.68,28102.17,27740.66,27935.09,7916875290
2023-10-09,27934.47,27989.47,27302.56,27583.68,12007668568
2023-10-10,27589.2,27715.85,27301.65,27391.02,9973350678
2023-10-11,27392.08,27474.12,26561.1,26873.32,13648094333
2023-10-12,26873.29,26921.44,26558.32,26756.8,9392909295
2023-10-13,26752.88,27092.7,26686.32,26862.38,15165312851
2023-10-14,26866.2,26969.0,26814.59,26861.71,5388116782
2023-10-15,26858.01,27289.17,26817.89,27159.65,7098201980
2023-10-16,27162.63,29448.14,27130.47,28519.47,27833876539
2023-10-17,28522.1,28618.75,28110.19,28415.75,14872527508
2023-10-18,28413.53,28889.01,28174.25,28328.34,12724128586
2023-10-19,28332.42,28892.47,28177.99,28719.81,14448058195
2023-10-20,28732.81,30104.09,28601.67,29682.95,21536125230
2023-10-21,29683.38,30287.48,29481.75,29918.41,11541146996
2023-10-22,29918.65,30199.43,29720.31,29993.9,10446520040
2023-10-23,30140.69,34370.44,30097.83,33086.23,38363572311
2023-10-24,33077.3,35150.43,32880.76,33901.53,44934999645
2023-10-25,33916.04,35133.76,33709.11,34502.82,25254318008
2023-10-26,34504.29,34832.91,33762.32,34156.65,19427195376
2023-10-27,34156.5,34238.21,33416.89,33909.8,16418032871
2023-10-28,33907.72,34399.39,33874.8,34089.57,10160330825
2023-10-29,34089.37,34743.26,33947.57,34538.48,11160323986
2023-10-30,34531.74,34843.93,34110.97,34502.36,17184860315
2023-10-31,34500.08,34719.25,34083.31,34667.78,15758270810
2023-11-01,34657.27,35527.93,34170.69,35437.25,22446272005
2023-11-02,35441.58,35919.84,34401.57,34938.24,20998158544
2023-11-03,34942.47,34942.47,34133.44,34732.32,17158456701
2023-11-04,34736.32,35256.03,34616.69,35082.2,9561294264
2023-11-05,35090.01,35340.34,34594.24,35049.36,12412743996
2023-11-06,35044.79,35286.03,34765.36,35037.37,12693436420
2023-11-07,35047.79,35892.42,34545.82,35443.56,18834737789
2023-11-08,35419.48,35994.42,35147.8,35655.28,17295394918
2023-11-09,35633.63,37926.26,35592.1,36693.12,37762672382
2023-11-10,36702.25,37493.8,36362.75,37313.97,22711265155
2023-11-11,37310.07,37407.09,36773.67,37138.05,13924272142
2023-11-12,37133.99,37227.69,36779.12,37054.52,11545715999
2023-11-13,37070.3,37405.12,36399.61,36502.36,19057712790
2023-11-14,36491.79,36753.35,34948.5,35537.64,23857403554
2023-11-15,35548.11,37964.89,35383.78,37880.58,27365821679
2023-11-16,37879.98,37934.62,35545.47,36154.77,26007385366
2023-11-17,36164.82,36704.48,35901.23,36596.68,22445028430
2023-11-18,36625.37,36839.28,36233.31,36585.7,11886022717
2023-11-19,36585.77,37509.36,36414.6,37386.55,12915986553
2023-11-20,37374.07,37756.82,36882.53,37476.96,20888209068
2023-11-21,37469.16,37631.14,35813.81,35813.81,25172163756
2023-11-22,35756.55,37856.98,35670.97,37432.34,24397247860
2023-11-23,37420.43,37643.92,36923.86,37289.62,14214948217
2023-11-24,37296.32,38415.34,37261.61,37720.28,22922957823
2023-11-25,37721.41,37892.43,37617.42,37796.79,9099571165
2023-11-26,37796.83,37820.3,37162.75,37479.12,13744796068
2023-11-27,37454.19,37559.36,36750.13,37254.17,19002925720
2023-11-28,37247.99,38368.48,36891.09,37831.09,21696137014
2023-11-29,37826.11,38366.11,37612.63,37858.49,20728546658
2023-11-30,37861.12,38141.75,37531.14,37712.75,18115982627
2023-12-01,37718.01,38954.11,37629.36,38688.75,23512784002
2023-12-02,38689.28,39678.94,38652.59,39476.33,15534035612
2023-12-03,39472.21,40135.61,39298.16,39978.39,15769696322
2023-12-04,39978.63,42371.75,39978.63,41980.1,39856129827
2023-12-05,41986.27,44408.66,41421.15,44080.65,36312154535
2023-12-06,44080.02,44265.77,43478.08,43746.45,29909761586
2023-12-07,43769.13,44042.59,42880.65,43292.66,27635760671
2023-12-08,43293.14,44705.52,43125.3,44166.6,24421116687
2023-12-09,44180.02,44361.26,43627.6,43725.98,17368210171
2023-12-10,43728.38,44034.62,43593.29,43779.7,13000481418
2023-12-11,43792.02,43808.38,40234.58,41243.83,40632672038
2023-12-12,41238.73,42048.3,40667.56,41450.22,24779520132
2023-12-13,41468.46,43429.78,40676.87,42890.74,26797884674
2023-12-14,42884.26,43390.86,41767.09,43023.97,25578530178
2023-12-15,43028.25,43087.82,41692.97,41929.76,19639442462
2023-12-16,41937.74,42664.95,41723.11,42240.12,14386729590
2023-12-17,42236.11,42359.5,41274.54,41364.66,16678702876
2023-12-18,41348.2,42720.3,40530.26,42623.54,25224642008
2023-12-19,42641.51,43354.3,41826.34,42270.53,23171001281
2023-12-20,42261.3,44275.59,42223.82,43652.25,27868908174
2023-12-21,43648.12,44240.67,43330.05,43869.15,22452766169
2023-12-22,43868.99,44367.96,43441.97,43997.9,21028503216
2023-12-23,44012.2,44015.7,43351.36,43739.54,13507796558
2023-12-24,43728.37,43945.52,42786.92,43016.12,18830554085
2023-12-25,43010.57,43765.09,42765.77,43613.14,21115795370
2023-12-26,43599.85,43603.18,41676.49,42520.4,30026850982
2023-12-27,42518.47,43683.16,42167.58,43442.86,25260941032
2023-12-28,43468.2,43804.78,42318.55,42627.86,22992093014
2023-12-29,42614.64,43124.32,41424.06,42099.4,26000021055
2023-12-30,42091.75,42584.12,41556.23,42156.9,16013925945
2023-12-31,42152.1,42860.94,41998.25,42265.19,16397498810
2024-01-01,42280.23,44175.44,42214.98,44167.33,18426978443
2024-01-02,44187.14,45899.71,44176.95,44957.97,39335274536
2024-01-03,44961.6,45503.24,40813.54,42848.18,46342323118
2024-01-04,42855.82,44770.02,42675.18,44179.92,30448091210
2024-01-05,44192.98,44353.29,42784.72,44162.69,32336029347
2024-01-06,44178.95,44227.63,43475.16,43989.2,16092503468
2024-01-07,43998.46,44495.57,43662.23,43943.1,19330573863
2024-01-08,43948.71,47218.0,43244.08,46970.5,42746192015
2024-01-09,46987.64,47893.7,45244.71,46139.73,39821290992
2024-01-10,46121.54,47647.22,44483.15,46627.78,50114613298
2024-01-11,46656.07,48969.37,45678.64,46368.59,45833734549
2024-01-12,46354.79,46498.14,41903.77,42853.17,43332698900
2024-01-13,42799.45,43234.66,42464.14,42842.38,20601860469
2024-01-14,42842.26,43065.6,41724.61,41796.27,17521429522
2024-01-15,41715.07,43319.72,41705.42,42511.97,22320220558
2024-01-16,42499.34,43566.27,42086.0,43154.95,24062872740
2024-01-17,43132.1,43189.89,42189.31,42742.65,20851232595
2024-01-18,42742.31,42876.35,40631.17,41262.06,25218357242
2024-01-19,41278.46,42134.16,40297.46,41618.41,25752407154
2024-01-20,41624.59,41877.89,41446.82,41665.59,11586690904
2024-01-21,41671.49,41855.37,41497.01,41545.79,9344043642
2024-01-22,41553.65,41651.21,39450.12,39507.37,31338708143
2024-01-23,39518.71,40127.35,38521.89,39845.55,29244553045
2024-01-24,39877.59,40483.79,39508.8,40077.07,22359526178
2024-01-25,40075.55,40254.48,39545.66,39933.81,18491782013
2024-01-26,39936.82,42209.39,39825.69,41816.87,25598119893
2024-01-27,41815.62,42195.63,41431.28,42120.05,11422941934
2024-01-28,42126.12,42797.18,41696.91,42035.59,16858971687
2024-01-29,42030.91,43305.87,41818.33,43288.25,20668476578
2024-01-30,43300.23,43838.95,42711.37,42952.61,23842814518
2024-01-31,42946.25,43717.41,42298.95,42582.61,24673628793
2024-02-01,42569.76,43243.17,41879.19,43075.77,21423953779
2024-02-02,43077.64,43422.49,42584.34,43185.86,18603843039
2024-02-03,43184.96,43359.94,42890.81,42992.25,11169245236
2024-02-04,42994.94,43097.64,42374.83,42583.58,14802225490
2024-02-05,42577.62,43494.25,42264.82,42658.67,18715487317
2024-02-06,42657.39,43344.15,42529.02,43084.67,16798476726
2024-02-07,43090.02,44341.95,42775.96,44318.22,21126587775
2024-02-08,44332.12,45575.84,44332.12,45301.57,26154524080
2024-02-09,45297.38,48152.5,45260.82,47147.2,39316770844
2024-02-10,47153.53,48146.17,46905.32,47771.28,16398681570
2024-02-11,47768.97,48535.94,47617.41,48293.92,19315867136
2024-02-12,48296.39,50280.48,47745.76,49958.22,34511985805
2024-02-13,49941.36,50358.39,48406.5,49742.44,35593051468
2024-02-14,49733.45,52021.37,49296.83,51826.7,39105608050
2024-02-15,51836.79,52820.07,51371.63,51938.55,38564360533
2024-02-16,51937.73,52537.97,51641.37,52160.2,28180567298
2024-02-17,52161.68,52191.91,50669.67,51663.0,20009091006
2024-02-18,51661.97,52356.96,51233.71,52122.55,17595377311
2024-02-19,52134.81,52483.32,51711.82,51779.14,21362184346
2024-02-20,51777.73,52945.05,50792.31,52284.88,33353758256
2024-02-21,52273.54,52368.82,50671.76,51839.18,28624907020
2024-02-22,51854.64,52009.61,50926.29,51304.97,25413900611
2024-02-23,51283.91,51497.93,50561.78,50731.95,21427078270
2024-02-24,50736.37,51684.2,50585.45,51571.1,15174077879
2024-02-25,51565.21,51950.03,51306.17,51733.24,15413239245
2024-02-26,51730.54,54938.18,50931.03,54522.4,34074411896
2024-02-27,54519.36,57537.84,54484.2,57085.37,49756832031
2024-02-28,57071.1,63913.13,56738.43,62504.79,83239156760
2024-02-29,62499.18,63585.64,60498.73,61198.38,65496611844
2024-03-01,61168.06,63155.1,60802.53,62440.63,40186368423
2024-03-02,62431.65,62458.7,61657.29,62029.85,23888473685
2024-03-03,62031.58,63230.21,61435.02,63167.37,26253811450
2024-03-04,63137.0,68537.03,62386.52,68330.41,70670471105
2024-03-05,68341.05,69170.62,59323.91,63801.2,102802940877
2024-03-06,63776.05,67637.93,62848.67,66106.8,68750229073
2024-03-07,66099.74,68029.92,65655.53,66925.48,46989543159
2024-03-08,66938.09,70083.05,66230.45,68300.09,59202881172
2024-03-09,68299.26,68673.05,68053.12,68498.88,21609650379
2024-03-10,68500.26,70005.2,68239.98,69019.79,35683977532
2024-03-11,69020.55,72850.71,67194.88,72123.91,65716656765
2024-03-12,72125.12,72825.66,68728.85,71481.29,62554434520
2024-03-13,71482.12,73637.48,71334.09,73083.5,48212536929
2024-03-14,73079.38,73750.07,68563.02,71396.59,59594605698
2024-03-15,71387.88,72357.13,65630.7,69403.77,78320453976
2024-03-16,69392.48,70046.27,64801.39,65315.12,46842198371
2024-03-17,65316.34,68845.72,64545.32,68390.62,44716864318
2024-03-18,68371.3,68897.13,66594.23,67548.59,49261579492
2024-03-19,67556.13,68106.93,61536.18,61912.77,74215844794
2024-03-20,61930.16,68115.26,60807.79,67913.67,66792634382
2024-03-21,67911.59,68199.99,64580.92,65491.39,44480350565
2024-03-22,65489.93,66623.75,62355.37,63778.76,41401116964
2024-03-23,63802.72,65976.4,63038.49,64062.2,24738964812
2024-03-24,64070.75,67622.76,63825.85,67234.17,27206630673
2024-03-25,67234.09,71162.59,66414.84,69958.81,42700139523
2024-03-26,69931.33,71535.74,69335.61,69987.84,36010437368
2024-03-27,69991.9,71727.69,68381.93,69455.34,40827113309
2024-03-28,69452.77,71546.02,68895.51,70744.95,34374900617
2024-03-29,70744.8,70913.09,69076.66,69892.83,25230851763
2024-03-30,69893.45,70355.49,69601.06,69645.3,17130241883
2024-03-31,69647.78,71377.78,69624.87,71333.65,20050941373
2024-04-01,71333.48,71342.09,68110.7,69702.15,34873527352
2024-04-02,69705.02,69708.38,64586.59,65446.97,50705240709
2024-04-03,65446.67,66914.32,64559.9,65980.81,34488018367
2024-04-04,65975.7,69291.26,65113.8,68508.84,34439527442
2024-04-05,68515.76,68725.76,66011.48,67837.64,33748230056
2024-04-06,67840.57,69629.6,67491.72,68896.11,19967785809
2024-04-07,68897.11,70284.43,68851.63,69362.55,21204930369
2024-04-08,69362.55,72715.36,69064.24,71631.36,37261432669
2024-04-09,71632.5,71742.51,68212.92,69139.02,36426900409
2024-04-10,69140.24,71093.43,67503.56,70587.88,38318601774
2024-04-11,70575.73,71256.23,69571.81,70060.61,30153382941
2024-04-12,70061.38,71222.74,65254.84,67195.87,44129299406
2024-04-13,67188.38,67931.43,60919.11,63821.47,52869738185
2024-04-14,63836.23,65824.43,62205.85,65738.73,49084320047
2024-04-15,65739.65,66878.65,62332.07,63426.21,43595917654
2024-04-16,63419.3,64355.67,61716.4,63811.86,42847528078
2024-04-17,63831.85,64486.36,59768.59,61276.69,41915247049
2024-04-18,61275.32,64125.69,60833.48,63512.75,36006307335
2024-04-19,63510.75,65481.6,59651.39,63843.57,49920425401
2024-04-20,63851.1,65442.46,63172.4,64994.44,23097485495
2024-04-21,64992.82,65723.24,64277.72,64926.64,20506644853
2024-04-22,64935.63,67233.96,64548.18,66837.68,28282686673
2024-04-23,66839.89,67199.24,65864.87,66407.27,24310975583
2024-04-24,66408.72,67075.37,63589.87,64276.9,30276655120
2024-04-25,64275.02,65275.21,62783.63,64481.71,32155786816
2024-04-26,64485.37,64789.66,63322.4,63755.32,24139372950
2024-04-27,63750.99,63898.36,62424.72,63419.14,19530783039
2024-04-28,63423.52,64321.48,62793.6,63113.23,17334827993
2024-04-29,63106.36,64174.88,61795.46,63841.12,26635912073
2024-04-30,63839.42,64703.33,59120.07,60636.86,37840840057
